"sampleobscore_id";"sampleobsbase_id";"vartypedetail_key";"name_en";"linktype"
29000;32877;"measured";"Bloodgroup";"exact_match"
29001;32878;"measured";"Rhesus D";"exact_match"
29002;32879;"measured";"Rhesus Formula";"exact_match"
29003;32215;"measured";"Morphology RBC / WBC / PLT";"exact_match"
29004;32224;"derived formula";"Apolipoprotein B / Apolipoprotein A";"group_contains"
29004;32225;"derived formula";"Apolipoprotein B / Apolipoprotein A";"group_contains"
29005;32270;"measured";"2,2',3,3',4,4',6,6'-Octabromodiphenyl ether";"exact_match"
29006;32860;"derived formula";"Benzo[b]fluoranthene + Benzo[k]fluoranthene";"group_contains"
29006;32854;"derived formula";"Benzo[b]fluoranthene + Benzo[k]fluoranthene";"group_contains"
29007;32564;"derived formula";"Branched Perfluorodecane sulfonic acid";"group_contains"
29007;32520;"derived formula";"Branched Perfluorodecane sulfonic acid";"group_contains"
29008;32572;"derived formula";"Branched Perfluorohexane sulfonic acid";"group_contains"
29008;32525;"derived formula";"Branched Perfluorohexane sulfonic acid";"group_contains"
29009;32525;"derived formula";"Percentage Branched Perfluorohexane sulfonic acid";"group_contains"
29009;32572;"derived formula";"Percentage Branched Perfluorohexane sulfonic acid";"group_contains"
29010;32584;"derived formula";"Branched Perfluorooctanoic acid";"group_contains"
29010;32529;"derived formula";"Branched Perfluorooctanoic acid";"group_contains"
29011;32529;"derived formula";"Percentage Branched Perfluorooctanoic acid";"group_contains"
29011;32584;"derived formula";"Percentage Branched Perfluorooctanoic acid";"group_contains"
29012;32582;"derived formula";"Branched Perfluorooctane sulfonic acid";"group_contains"
29012;32528;"derived formula";"Branched Perfluorooctane sulfonic acid";"group_contains"
29013;32582;"derived formula";"Percentage Branched Perfluorooctane sulfonic acid";"group_contains"
29013;32528;"derived formula";"Percentage Branched Perfluorooctane sulfonic acid";"group_contains"
29014;32589;"derived formula";"Branched Perfluorotetradecanoic acid";"group_contains"
29014;32531;"derived formula";"Branched Perfluorotetradecanoic acid";"group_contains"
29015;32591;"derived formula";"BranchedPerfluorotridecanoic acid";"group_contains"
29015;32532;"derived formula";"BranchedPerfluorotridecanoic acid";"group_contains"
29016;32251;"measured";"2,3,7,8-tetrachlorodibenzodioxin";"exact_match"
29017;32149;"measured";"2,3-Dichloroaniline";"exact_match"
29018;32657;"measured";"2,4,5-trichlorophenol";"exact_match"
29019;32784;"derived formula";"Sum DEHP metabolites";"group_contains"
29019;32788;"derived formula";"Sum DEHP metabolites";"group_contains"
29019;32786;"derived formula";"Sum DEHP metabolites";"group_contains"
29020;32274;"measured";"2,4,6-Tribromophenol";"exact_match"
29021;32243;"derived formula";"mcoch + mhnch";"group_contains"
29021;32242;"derived formula";"mcoch + mhnch";"group_contains"
29022;32412;"derived formula";"asthree + asfive";"group_contains"
29022;32413;"derived formula";"asthree + asfive";"group_contains"
29023;32233;"derived formula";"Blood lipid by enzymatic calculation";"group_contains"
29023;32228;"derived formula";"Blood lipid by enzymatic calculation";"group_contains"
29024;32572;"derived formula";"Percentage Linear Perfluorohexane sulfonic acid";"group_contains"
29024;32525;"derived formula";"Percentage Linear Perfluorohexane sulfonic acid";"group_contains"
29025;32584;"derived formula";"Percentage Linear Perfluorooctanoic acid";"group_contains"
29025;32529;"derived formula";"Percentage Linear Perfluorooctanoic acid";"group_contains"
29026;32661;"measured";"2,4-dichlorophenoxyacetic acid";"exact_match"
29027;32437;"derived formula";"Ratio of MeHg and Hg";"group_contains"
29027;32438;"derived formula";"Ratio of MeHg and Hg";"group_contains"
29028;32176;"measured";"2,4-toluenediamine";"exact_match"
29029;32151;"measured";"2,5-Dichloroaniline";"exact_match"
29030;32607;"derived formula";"pcb138 + pcb153 + pcb180";"group_contains"
29030;32611;"derived formula";"pcb138 + pcb153 + pcb180";"group_contains"
29030;32624;"derived formula";"pcb138 + pcb153 + pcb180";"group_contains"
29031;32572;"derived formula";"pfhxs + pfos";"group_contains"
29031;32582;"derived formula";"pfhxs + pfos";"group_contains"
29032;32528;"derived formula";"Percentage Linear Perfluorooctane sulfonic acid";"group_contains"
29032;32582;"derived formula";"Percentage Linear Perfluorooctane sulfonic acid";"group_contains"
29033;32874;"derived formula";"Anthracene + Phenanthrene";"group_contains"
29033;32851;"derived formula";"Anthracene + Phenanthrene";"group_contains"
29034;32650;"derived formula";"Ratio of p,p'-DDT and p,p'-DDE";"group_contains"
29034;32649;"derived formula";"Ratio of p,p'-DDT and p,p'-DDE";"group_contains"
29035;32198;"derived formula";"CD4+ / CD8+";"group_contains"
29035;32197;"derived formula";"CD4+ / CD8+";"group_contains"
29036;32912;"derived formula";"Ratio ft3 and ft4";"group_contains"
29036;32911;"derived formula";"Ratio ft3 and ft4";"group_contains"
29037;32209;"derived formula";"Neutrophil segments / Lymphocytes";"group_contains"
29037;32210;"derived formula";"Neutrophil segments / Lymphocytes";"group_contains"
29037;32217;"derived formula";"Neutrophil segments / Lymphocytes";"group_contains"
29038;32209;"derived formula";"Thrombocytes / Lymphocytes";"group_contains"
29038;32210;"derived formula";"Thrombocytes / Lymphocytes";"group_contains"
29038;32223;"derived formula";"Thrombocytes / Lymphocytes";"group_contains"
29039;32673;"derived formula";"glyp + ampa";"group_contains"
29039;32698;"derived formula";"glyp + ampa";"group_contains"
29040;32299;"derived formula";"hbcda + hbcdg";"group_contains"
29040;32297;"derived formula";"hbcda + hbcdg";"group_contains"
29041;32840;"derived formula";"onehphe + twohphe + threehphe + fourhphe + ninehphe";"group_contains"
29041;32825;"derived formula";"onehphe + twohphe + threehphe + fourhphe + ninehphe";"group_contains"
29041;32848;"derived formula";"onehphe + twohphe + threehphe + fourhphe + ninehphe";"group_contains"
29041;32841;"derived formula";"onehphe + twohphe + threehphe + fourhphe + ninehphe";"group_contains"
29041;32834;"derived formula";"onehphe + twohphe + threehphe + fourhphe + ninehphe";"group_contains"
29042;32848;"derived formula";"twohphe + ninehphe";"group_contains"
29042;32834;"derived formula";"twohphe + ninehphe";"group_contains"
29043;32841;"derived formula";"onehphe + twohphe + fourhphe";"group_contains"
29043;32834;"derived formula";"onehphe + twohphe + fourhphe";"group_contains"
29043;32825;"derived formula";"onehphe + twohphe + fourhphe";"group_contains"
29044;32834;"derived formula";"twohphe + threehphe";"group_contains"
29044;32840;"derived formula";"twohphe + threehphe";"group_contains"
29045;32413;"derived formula";"asthree + asfive + mma";"group_contains"
29045;32440;"derived formula";"asthree + asfive + mma";"group_contains"
29045;32412;"derived formula";"asthree + asfive + mma";"group_contains"
29046;32756;"derived formula";"Sum (cis-DCCA, trans-DCCA)";"group_contains"
29046;32750;"derived formula";"Sum (cis-DCCA, trans-DCCA)";"group_contains"
29047;32818;"derived formula";"oneohnap + twoohnap + diohnap";"group_contains"
29047;32824;"derived formula";"oneohnap + twoohnap + diohnap";"group_contains"
29047;32833;"derived formula";"oneohnap + twoohnap + diohnap";"group_contains"
29048;32327;"derived formula";"sdp + adp";"group_contains"
29048;32282;"derived formula";"sdp + adp";"group_contains"
29049;32277;"derived formula";"ehphp + ohehdphp";"group_contains"
29049;32276;"derived formula";"ehphp + ohehdphp";"group_contains"
29050;32807;"derived formula";"oxomehp + ohmehp + mehp + cxmepp + mbzp + mibp + mnbp + mep";"group_contains"
29050;32800;"derived formula";"oxomehp + ohmehp + mehp + cxmepp + mbzp + mibp + mnbp + mep";"group_contains"
29050;32784;"derived formula";"oxomehp + ohmehp + mehp + cxmepp + mbzp + mibp + mnbp + mep";"group_contains"
29050;32802;"derived formula";"oxomehp + ohmehp + mehp + cxmepp + mbzp + mibp + mnbp + mep";"group_contains"
29050;32798;"derived formula";"oxomehp + ohmehp + mehp + cxmepp + mbzp + mibp + mnbp + mep";"group_contains"
29050;32782;"derived formula";"oxomehp + ohmehp + mehp + cxmepp + mbzp + mibp + mnbp + mep";"group_contains"
29050;32786;"derived formula";"oxomehp + ohmehp + mehp + cxmepp + mbzp + mibp + mnbp + mep";"group_contains"
29050;32788;"derived formula";"oxomehp + ohmehp + mehp + cxmepp + mbzp + mibp + mnbp + mep";"group_contains"
29051;32582;"derived formula";"pfoa + pfna + pfhxs + pfos";"group_contains"
29051;32572;"derived formula";"pfoa + pfna + pfhxs + pfos";"group_contains"
29051;32578;"derived formula";"pfoa + pfna + pfhxs + pfos";"group_contains"
29051;32584;"derived formula";"pfoa + pfna + pfhxs + pfos";"group_contains"
29052;32784;"derived formula";"oxomehp + ohmehp + mehp + cxmepp";"group_contains"
29052;32786;"derived formula";"oxomehp + ohmehp + mehp + cxmepp";"group_contains"
29052;32782;"derived formula";"oxomehp + ohmehp + mehp + cxmepp";"group_contains"
29052;32788;"derived formula";"oxomehp + ohmehp + mehp + cxmepp";"group_contains"
29053;32786;"derived formula";"oxomehp + ohmehp";"group_contains"
29053;32784;"derived formula";"oxomehp + ohmehp";"group_contains"
29054;32832;"derived formula";"twohfluo + threehfluo + ninehfluo";"group_contains"
29054;32839;"derived formula";"twohfluo + threehfluo + ninehfluo";"group_contains"
29054;32847;"derived formula";"twohfluo + threehfluo + ninehfluo";"group_contains"
29055;32784;"derived formula";"Calculated sum of metabolites for high molecular weight phthalates";"group_contains"
29055;32782;"derived formula";"Calculated sum of metabolites for high molecular weight phthalates";"group_contains"
29055;32786;"derived formula";"Calculated sum of metabolites for high molecular weight phthalates";"group_contains"
29055;32798;"derived formula";"Calculated sum of metabolites for high molecular weight phthalates";"group_contains"
29055;32788;"derived formula";"Calculated sum of metabolites for high molecular weight phthalates";"group_contains"
29056;32751;"derived formula";"threepba + fpba";"group_contains"
29056;32753;"derived formula";"threepba + fpba";"group_contains"
29057;32834;"derived formula";"onehphe + twohphe + threehphe + fourhphe";"group_contains"
29057;32840;"derived formula";"onehphe + twohphe + threehphe + fourhphe";"group_contains"
29057;32841;"derived formula";"onehphe + twohphe + threehphe + fourhphe";"group_contains"
29057;32825;"derived formula";"onehphe + twohphe + threehphe + fourhphe";"group_contains"
29058;32528;"derived formula";"lbpfoa + lbpfna + lbpfhxs + lbpfos";"group_contains"
29058;32527;"derived formula";"lbpfoa + lbpfna + lbpfhxs + lbpfos";"group_contains"
29058;32529;"derived formula";"lbpfoa + lbpfna + lbpfhxs + lbpfos";"group_contains"
29058;32525;"derived formula";"lbpfoa + lbpfna + lbpfhxs + lbpfos";"group_contains"
29059;32802;"derived formula";"Calculated sum of metabolites for low molecular weight phthalates";"group_contains"
29059;32807;"derived formula";"Calculated sum of metabolites for low molecular weight phthalates";"group_contains"
29059;32800;"derived formula";"Calculated sum of metabolites for low molecular weight phthalates";"group_contains"
29060;32770;"derived formula";"ohmidp + cxmidp";"group_contains"
29060;32780;"derived formula";"ohmidp + cxmidp";"group_contains"
29061;32413;"derived formula";"asthree + asfive + dma + mma";"group_contains"
29061;32412;"derived formula";"asthree + asfive + dma + mma";"group_contains"
29061;32426;"derived formula";"asthree + asfive + dma + mma";"group_contains"
29061;32440;"derived formula";"asthree + asfive + dma + mma";"group_contains"
29062;32773;"derived formula";"mhnp + mcop";"group_contains"
29062;32774;"derived formula";"mhnp + mcop";"group_contains"
29063;32784;"derived formula";"ohmehp + cxmepp";"group_contains"
29063;32782;"derived formula";"ohmehp + cxmepp";"group_contains"
29064;32824;"derived formula";"oneohnap + twoohnap";"group_contains"
29064;32833;"derived formula";"oneohnap + twoohnap";"group_contains"
29065;32426;"derived formula";"asb + asthree + asfive + dma + mma";"group_contains"
29065;32414;"derived formula";"asb + asthree + asfive + dma + mma";"group_contains"
29065;32413;"derived formula";"asb + asthree + asfive + dma + mma";"group_contains"
29065;32412;"derived formula";"asb + asthree + asfive + dma + mma";"group_contains"
29065;32440;"derived formula";"asb + asthree + asfive + dma + mma";"group_contains"
29066;32788;"derived formula";"oxomehp + ohmehp + mehp";"group_contains"
29066;32786;"derived formula";"oxomehp + ohmehp + mehp";"group_contains"
29066;32784;"derived formula";"oxomehp + ohmehp + mehp";"group_contains"
29067;32825;"derived formula";"Sum of 1- and 9-hydroxyphenanthrene";"group_contains"
29067;32848;"derived formula";"Sum of 1- and 9-hydroxyphenanthrene";"group_contains"
29068;32839;"derived formula";"Sum of 2- and 3-hydroxyfluorene";"group_contains"
29068;32832;"derived formula";"Sum of 2- and 3-hydroxyfluorene";"group_contains"
29069;32578;"derived formula";"pfoa + pfna";"group_contains"
29069;32584;"derived formula";"pfoa + pfna";"group_contains"
29070;32538;"derived formula";"mepfosaa + pfhxs + lbpfoa + pfda + pfunda + lbpfos + pfna";"group_contains"
29070;32529;"derived formula";"mepfosaa + pfhxs + lbpfoa + pfda + pfunda + lbpfos + pfna";"group_contains"
29070;32578;"derived formula";"mepfosaa + pfhxs + lbpfoa + pfda + pfunda + lbpfos + pfna";"group_contains"
29070;32565;"derived formula";"mepfosaa + pfhxs + lbpfoa + pfda + pfunda + lbpfos + pfna";"group_contains"
29070;32528;"derived formula";"mepfosaa + pfhxs + lbpfoa + pfda + pfunda + lbpfos + pfna";"group_contains"
29070;32593;"derived formula";"mepfosaa + pfhxs + lbpfoa + pfda + pfunda + lbpfos + pfna";"group_contains"
29070;32572;"derived formula";"mepfosaa + pfhxs + lbpfoa + pfda + pfunda + lbpfos + pfna";"group_contains"
29071;32759;"measured sum";"Measured Sum(twofourdehtm,onefourdehtm)";"group_contains"
29071;32765;"measured sum";"Measured Sum(twofourdehtm,onefourdehtm)";"group_contains"
29072;32756;"measured sum";"Measured Sum (cis-DCCA, trans-DCCA)";"group_contains"
29072;32750;"measured sum";"Measured Sum (cis-DCCA, trans-DCCA)";"group_contains"
29073;32848;"measured sum";"Measured Sum of 1- and 9-hydroxyphenanthrene";"group_contains"
29073;32825;"measured sum";"Measured Sum of 1- and 9-hydroxyphenanthrene";"group_contains"
29074;32839;"measured sum";"Measured Sum of 2- and 3-hydroxyfluorene";"group_contains"
29074;32832;"measured sum";"Measured Sum of 2- and 3-hydroxyfluorene";"group_contains"
29075;32834;"measured sum";"Measured Sum of 1-, 2-, 3-, 4- and 9- hydroxyphenanthrenes";"group_contains"
29075;32841;"measured sum";"Measured Sum of 1-, 2-, 3-, 4- and 9- hydroxyphenanthrenes";"group_contains"
29075;32840;"measured sum";"Measured Sum of 1-, 2-, 3-, 4- and 9- hydroxyphenanthrenes";"group_contains"
29075;32848;"measured sum";"Measured Sum of 1-, 2-, 3-, 4- and 9- hydroxyphenanthrenes";"group_contains"
29075;32825;"measured sum";"Measured Sum of 1-, 2-, 3-, 4- and 9- hydroxyphenanthrenes";"group_contains"
29076;32630;"measured sum";"Measured Sum of pcb196 and pcb203";"group_contains"
29076;32633;"measured sum";"Measured Sum of pcb196 and pcb203";"group_contains"
29077;32414;"measured sum";"Measured Total arsenic";"group_contains"
29077;32412;"measured sum";"Measured Total arsenic";"group_contains"
29077;32426;"measured sum";"Measured Total arsenic";"group_contains"
29077;32413;"measured sum";"Measured Total arsenic";"group_contains"
29077;32440;"measured sum";"Measured Total arsenic";"group_contains"
29078;32821;"measured sum";"Measured Sum of 3- and 9- hydroxybenz[a]anthracene";"group_contains"
29078;32822;"measured sum";"Measured Sum of 3- and 9- hydroxybenz[a]anthracene";"group_contains"
29079;32413;"measured sum";"Measured Toxicologically relevant arsenic";"group_contains"
29079;32426;"measured sum";"Measured Toxicologically relevant arsenic";"group_contains"
29079;32440;"measured sum";"Measured Toxicologically relevant arsenic";"group_contains"
29079;32412;"measured sum";"Measured Toxicologically relevant arsenic";"group_contains"
29080;32653;"measured";"(3,4-dichlorophenyl)urea";"exact_match"
29081;32727;"measured";"(NE)-N-[3-[(2-chloro-1,3-thiazol-5-yl)methyl]-5-methyl-1,3,5-oxadiazinan-4-ylidene]nitramide";"exact_match"
29082;32361;"measured";"(RS)-2-Chloro-N-(2-ethyl-6-methyl-phenyl)-N-(1-methoxypropan-2-yl)acetamide";"exact_match"
29083;32197;"measured";"Percentage (cytotox.) T cells";"exact_match"
29084;32198;"measured";"Percentage (helper) T cells";"exact_match"
29085;32941;"measured";"1,1,1,3,3,3-Hexafluoro-2-(fluoromethoxy)propane";"exact_match"
29086;32264;"measured";"1,2 bis(2,4,6-tribromophenoxy)ethane";"exact_match"
29087;32265;"measured";"1,2,2,2-tetrabromoethylcyclohexane";"exact_match"
29088;32246;"measured";"1,2,3,4,6,7,8-Heptachlorodibenzo-p-dioxin";"exact_match"
29089;32337;"measured";"1,2,3,4,6,7,8-Heptachlorodibenzofuran";"exact_match"
29090;32338;"measured";"1,2,3,4,7,8,9-Heptachlorodibenzofuran";"exact_match"
29091;32247;"measured";"1,2,3,4,7,8-Hexachlorodibenzo-p-dioxin";"exact_match"
29092;32339;"measured";"1,2,3,4,7,8-Hexatachlorodibenzofuran";"exact_match"
29093;32248;"measured";"1,2,3,6,7,8-Hexachlorodibenzo-p-dioxin";"exact_match"
29094;32340;"measured";"1,2,3,6,7,8-Hexatachlorodibenzofuran";"exact_match"
29095;32249;"measured";"1,2,3,7,8,9-Hexachlorodibenzo-p-dioxin";"exact_match"
29096;32341;"measured";"1,2,3,7,8,9-Hexatachlorodibenzofuran";"exact_match"
29097;32250;"measured";"1,2,3,7,8-Pentachlorodibenzo-p-dioxin";"exact_match"
29098;32342;"measured";"1,2,3,7,8-Pentachlorodibenzofuran";"exact_match"
29099;32266;"measured";"1,2,5,6-tetrabromocyclooctane";"exact_match"
29100;32816;"measured";"1,2-DHP";"exact_match"
29101;32817;"measured";"1,2-Dihydrophenanthrene-1,2-diol";"exact_match"
29102;32819;"measured";"1,2-Dihydroxyphenanthrene";"exact_match"
29103;32267;"measured";"1,3,5-Tribromo-2-(2,3-dibromopropyl)benzene";"exact_match"
29104;32759;"measured";"1,4-di-(2-ethylhexyl) trimellitate";"exact_match"
29105;32654;"measured";"1-(3,4-dichlorophenyl)-3-methylurea";"exact_match"
29106;32362;"measured";"1-(4-Isopropylphenyl)-3-methylurea";"exact_match"
29107;32818;"measured";"1-,2-dihydroxynaphthalene";"exact_match"
29108;32728;"measured";"1-[(2-chloro-1,3-thiazol-5-yl)methyl]-3-methyl-2-nitroguanidine";"exact_match"
29109;32729;"measured";"1-[2-(2,4-dichlorophenyl)-2-prop-2-enoxyethyl]imidazole";"exact_match"
29110;32268;"measured";"1-hydroxy-2propyl bis (1-chloro-2-propyl) phosphate";"exact_match"
29111;32820;"measured";"1-hydroxybenz[a]anthracene";"exact_match"
29112;32823;"measured";"1-hydroxychrysene";"exact_match"
29113;32824;"measured";"1-hydroxynaphthalene";"exact_match"
29114;32825;"measured";"1-hydroxyphenanthrene";"exact_match"
29115;32826;"measured";"1-hydroxypyrene";"exact_match"
29116;32827;"measured";"1-methylnaphthalene";"exact_match"
29117;32828;"measured";"1-methylphenanthrene";"exact_match"
29118;32760;"measured";"1-mono-(2-carboxyl-methyl-hexyl) benzene-1,4-dicarboxylate";"exact_match"
29119;32761;"measured";"1-mono-(2-ethyl-5-carboxyl-pentyl) benzene-1,4-dicarboxylate";"exact_match"
29120;32762;"measured";"1-mono-(2-ethyl-5-hydroxy-hexyl) benzene-1,4-dicarboxylate";"exact_match"
29121;32763;"measured";"1-mono-(2-ethyl-5-oxo-hexyl) benzene-1,4-dicarboxylate";"exact_match"
29122;32764;"measured";"1-mono-(2-ethylhexyl) terephthalate";"exact_match"
29123;32896;"measured";"17-hydroxyprogesteron";"exact_match"
29124;32895;"measured";"17beta-oestradiol";"exact_match"
29125;32269;"measured";"2,2',3,3',4,4',5,6'-Octabromodiphenyl ether";"exact_match"
29126;32462;"measured";"AFB-N7-guanine";"exact_match"
29127;32271;"measured";"2,2',3,4,4',5,5',6-Octabromodiphenyl ether";"exact_match"
29128;32918;"measured";"2,3,4 trihydroxybenzophenone";"exact_match"
29129;32272;"measured";"2,3,4,5-tetrabromo benzoic acid";"exact_match"
29130;32343;"measured";"2,3,4,6,7,8-Hexatachlorodibenzofuran";"exact_match"
29131;32655;"measured";"2,3,4,6-Tetrachlorophenol";"exact_match"
29132;32344;"measured";"2,3,4,7,8-Pentachlorodibenzofuran";"exact_match"
29133;32656;"measured";"2,3,4-Trichlorophenol";"exact_match"
29134;32273;"measured";"2,3,5,6-tetrabromo-p-xylene";"exact_match"
29135;32829;"measured";"2,3,5-trimethylnaphthalene";"exact_match"
29136;32345;"measured";"2,3,7,8-Tetrachlorodibenzofuran";"exact_match"
29137;32370;"measured";"Alachlor mercapturate";"exact_match"
29138;32671;"measured";"Aldrin";"exact_match"
29139;32403;"measured";"Alkaline Phosphatases";"exact_match"
29140;32658;"measured";"2,4,5-trichlorophenoxyacetic acid";"exact_match"
29141;32397;"measured";"Alpha1-microglobuline";"exact_match"
29142;32659;"measured";"2,4,6-trichlorophenol";"exact_match"
29143;32275;"measured";"2,4-Dibromophenol";"exact_match"
29144;32150;"measured";"2,4-Dichloroaniline";"exact_match"
29145;32765;"measured";"2,4-di-(2-ethylhexyl) trimellitate";"exact_match"
29146;32660;"measured";"2,4-dichlorophenol";"exact_match"
29147;32162;"measured";"Aniline";"exact_match"
29148;32919;"measured";"2,4-dihydroxylbenzophenone";"exact_match"
29149;32282;"measured";"Anti-dechlorane plus";"exact_match"
29150;32410;"measured";"Antimony";"exact_match"
29151;32662;"measured";"2,5-dichlorophenol";"exact_match"
29152;32363;"measured";"2,6 diethyl aniline";"exact_match"
29153;32152;"measured";"2,6-Dichloroaniline";"exact_match"
29154;32153;"measured";"2,6-Diisopropylaniline";"exact_match"
29155;32663;"measured";"2,6-dichlorophenol";"exact_match"
29156;32177;"measured";"2,6-toluenediamine";"exact_match"
29157;32352;"measured";"2-(2-methoxyethoxy)acetic acid";"exact_match"
29158;32725;"measured";"2-(4-amino-3,5-dichloro-6-fluoropyridin-2-yl)oxyacetic acid";"exact_match"
29159;32739;"measured";"2-(4-chloro-2-methylphenoxy)acetic acid";"exact_match"
29160;32830;"measured";"2-,6-dimethylnaphthalene";"exact_match"
29161;32831;"measured";"2-Hydroxyanthracene";"exact_match"
29162;32364;"measured";"2-Chloro-N-(2,6-diethylphenyl)-N-(methoxymethyl)acetamide";"exact_match"
29163;32664;"measured";"2-Diethylamino-6-hydroxy-4-methylpyrimidine";"exact_match"
29164;32920;"measured";"2-Ethylhexyl 4-(dimethylamino)benzoate";"exact_match"
29165;32746;"measured";"2-Isopropoxyphenol";"exact_match"
29166;32766;"measured";"2-OH-Mono-iso-butylphthalate";"exact_match"
29167;32717;"measured";"2-[4-[3-chloro-5-(trifluoromethyl)pyridin-2-yl]oxyphenoxy]propanoic acid";"exact_match"
29168;32741;"measured";"2-[4-[5-(trifluoromethyl)pyridin-2-yl]oxyphenoxy]propanoic acid";"exact_match"
29169;32353;"measured";"2-butoxyacetic acid";"exact_match"
29170;32354;"measured";"2-ethoxyacetic acid";"exact_match"
29171;32276;"measured";"2-ethyl-5-hydroxyhexyl diphenyl phosphate";"exact_match"
29172;32277;"measured";"2-ethylhexyl phenyl phosphate";"exact_match"
29173;32278;"measured";"2-ethylhexyl-2,3,4,5-tetrabromobenzoate";"exact_match"
29174;32365;"measured";"2-hydroxy atrazine";"exact_match"
29175;32366;"measured";"2-hydroxy simazine";"exact_match"
29176;32181;"measured";"2-hydroxy-N-ethylsuccinimide";"exact_match"
29177;32182;"measured";"2-hydroxy-N-methylsuccinimide";"exact_match"
29178;32279;"measured";"2-hydroxyethyl bis(2-butoxyethyl) phosphate";"exact_match"
29179;32832;"measured";"2-hydroxyfluorene";"exact_match"
29180;32833;"measured";"2-hydroxynaphthalene";"exact_match"
29181;32834;"measured";"2-hydroxyphenanthrene";"exact_match"
29182;32355;"measured";"2-methoxyacetic acid";"exact_match"
29183;32835;"measured";"2-methylnaphthalene";"exact_match"
29184;32356;"measured";"2-phenoxyacetic acid";"exact_match"
29185;32357;"measured";"2-propoxyacetic acid";"exact_match"
29186;32179;"measured";"3,4-Dichloroaniline";"exact_match"
29187;32666;"measured";"3,5,6-trichloro-2-pyridinol";"exact_match"
29188;32180;"measured";"3,5-Dichloroaniline";"exact_match"
29189;32736;"measured";"3,5-dibromo-4-hydroxybenzonitrile";"exact_match"
29190;32665;"measured";"3-(2,2-dibromovinyl)-2,2-dimethylcyclopropane carboxylic acid";"exact_match"
29191;32750;"measured";"3-(2,2-dichlorovinyl)-2,2-dimethylycyclopropane carboxylic acid";"exact_match"
29192;32367;"measured";"3-(3,4-dichlorophenyl)-1,1-dimethylurea";"exact_match"
29193;32368;"measured";"3-(3-Chloro-4-methylphenyl)-1,1-dimethylurea";"exact_match"
29194;32369;"measured";"3-(4-Isopropylphenyl)-1,1-dimethylurea";"exact_match"
29195;32460;"measured";"3-Acetyldeoxynivalenol";"exact_match"
29196;32154;"measured";"3-Aminobiphenyl";"exact_match"
29197;32838;"measured";"3-Hydroxyfluoranth√®ne";"exact_match"
29198;32768;"measured";"3-OH-Mono-n-butyl phthalate";"exact_match"
29199;32155;"measured";"3-Trifluormethoxyaniline";"exact_match"
29200;32731;"measured";"3-[(6-chloropyridin-3-yl)methyl-(2,2-difluoroethyl)amino]-2H-furan-5-one";"exact_match"
29201;32921;"measured";"3-benzylidene camphor";"exact_match"
29202;32767;"measured";"3-carboxyl-mono-propyl phthalate";"exact_match"
29203;32821;"measured";"3-hydroxybenz[a]anthracene";"exact_match"
29204;32836;"measured";"3-hydroxybenzo(a)pyrene";"exact_match"
29205;32837;"measured";"3-hydroxybenzo[c]-phenanthrene";"exact_match"
29206;32839;"measured";"3-hydroxyfluorene";"exact_match"
29207;32840;"measured";"3-hydroxyphenanthrene";"exact_match"
29208;32280;"measured";"3-hydroxyphenyl diphenyl phosphate";"exact_match"
29209;32751;"measured";"3-phenoxybenzoic acid";"exact_match"
29210;32668;"measured";"4'-Hydroxypyrimethanil";"exact_match"
29211;32156;"measured";"4,4'-methylenebis(2-chloroaniline)";"exact_match"
29212;32178;"measured";"4,4'-methylenedianiline";"exact_match"
29213;32157;"measured";"4-Aminobiphenyl";"exact_match"
29214;32158;"measured";"4-Ethylaniline";"exact_match"
29215;32724;"measured";"4-Hydroxy Chlorothalonil";"exact_match"
29216;32159;"measured";"4-Isopropylaniline";"exact_match"
29217;32160;"measured";"4-Methyl-m-phenylenediamine";"exact_match"
29218;32669;"measured";"4-Nitrophenol";"exact_match"
29219;32161;"measured";"4-Trifluormethoxyaniline";"exact_match"
29220;32752;"measured";"4-chloro-alpha-isopropyl benzene acetic acid";"exact_match"
29221;32667;"measured";"4-chlorophenol";"exact_match"
29222;32753;"measured";"4-fluoro-3-phenoxybenzoic acid";"exact_match"
29223;32922;"measured";"4-hydroxy-benzophenone";"exact_match"
29224;32841;"measured";"4-hydroxyphenanthrene";"exact_match"
29225;32281;"measured";"4-hydroxyphenyl phenyl phosphate";"exact_match"
29226;32923;"measured";"4-methyl-benzophenone";"exact_match"
29227;32924;"measured";"4-methylbenzylidene camphor";"exact_match"
29228;32842;"measured";"5-Methylchrysene";"exact_match"
29229;32670;"measured";"5-OH-thiabendazole";"exact_match"
29230;32183;"measured";"5-hydroxy-N-ethyl-2-pyrrolidone";"exact_match"
29231;32184;"measured";"5-hydroxy-N-methyl-2-pyrrolidone";"exact_match"
29232;32770;"measured";"6-OH-Mono-propyl-heptyl phthalate (LC-MS/MS method, sum of all C10 metabolites including the DPHP metabolites)";"exact_match"
29233;32769;"measured";"6-OH-mono-propyl-heptyl phthalate (GC-HRMS method, only DPHP metabolites)";"exact_match"
29234;32771;"measured";"6-Oxo-mono-propyl-heptyl phthalate (GC-HRMS method, only DPHP metabolites)";"exact_match"
29235;32772;"measured";"6-Oxo-mono-propyl-heptyl phthalate (LC-MS/MS method, sum of all C10 metabolites including the DPHP metabolites)";"exact_match"
29236;32843;"measured";"6-hydroxychrysene";"exact_match"
29237;32844;"measured";"7,12-Dimethylbenz(a)anthracene";"exact_match"
29238;32773;"measured";"7-Carboxy-(mono-methyl- heptyl) phthalate";"exact_match"
29239;32774;"measured";"7-OH-(Mono-methyl-octyl) phthalate";"exact_match"
29240;32775;"measured";"7-Oxo-(mono-methyl-octyl) phthalate";"exact_match"
29241;32347;"measured";"8-hydroxy-2'-deoxyguanosine";"exact_match"
29242;32845;"measured";"9,10-DHP";"exact_match"
29243;32846;"measured";"9,10-Phenanthrenediol";"exact_match"
29244;32822;"measured";"9-hydroxybenz[a]anthracene";"exact_match"
29245;32847;"measured";"9-hydroxyfluorene";"exact_match"
29246;32848;"measured";"9-hydroxyphenanthrene";"exact_match"
29247;32424;"measured";"Cobalt";"exact_match"
29248;32461;"measured";"AFB-lysine";"exact_match"
29249;32849;"measured";"Acenaphthene";"exact_match"
29250;32850;"measured";"Acenaphthylene";"exact_match"
29251;32714;"measured";"Acetamiprid-N-desmethyl";"exact_match"
29252;32399;"measured";"Adiponectine";"exact_match"
29253;32463;"measured";"Aflatoxin B1";"exact_match"
29254;32464;"measured";"Aflatoxin B2";"exact_match"
29255;32465;"measured";"Aflatoxin G1";"exact_match"
29256;32466;"measured";"Aflatoxin G2";"exact_match"
29257;32467;"measured";"Aflatoxin M1";"exact_match"
29258;32245;"measured";"Cyclohexane-1,2-dicarboxylic acid mono-isononyl ester";"exact_match"
29259;32865;"measured";"Cyclopenta[c,d]pyrene";"exact_match"
29260;32680;"measured";"Cyprodinil-OH (hydroxycyprodinil)";"exact_match"
29261;32672;"measured";"Alpha-hexachlorocyclohexane";"exact_match"
29262;32290;"measured";"Decabromodiphenylethane";"exact_match"
29263;32468;"measured";"Alternariol";"exact_match"
29264;32469;"measured";"Alternariol Monomethyl Ether";"exact_match"
29265;32409;"measured";"Aluminium";"exact_match"
29266;32733;"measured";"Ametoctradin Metabolite M650F01";"exact_match"
29267;32673;"measured";"Aminomethylyphosphonic acid";"exact_match"
29268;32472;"measured";"Free Deoxynivalenol";"close_match"
29269;32851;"measured";"Anthracene";"exact_match"
29270;32473;"measured";"Deoxynivalenol-15-acetate";"exact_match"
29271;32474;"measured";"Deoxynivalenol-15-glucuronide";"exact_match"
29272;32224;"measured";"Apolipoprotein A";"exact_match"
29273;32225;"measured";"Apolipoprotein B";"exact_match"
29274;32226;"measured";"Apolipoprotein-A1";"exact_match"
29275;32411;"measured";"Argentum";"exact_match"
29276;32897;"measured";"Aromatase";"exact_match"
29277;32412;"measured";"Arsenic(III) acid";"exact_match"
29278;32413;"measured";"Arsenic(V) acid";"exact_match"
29279;32414;"measured";"Arsenobetaine";"exact_match"
29280;32371;"measured";"Atrazine";"exact_match"
29281;32372;"measured";"Atrazine mercapturate";"exact_match"
29282;32141;"measured";"BDNF";"exact_match"
29283;32415;"measured";"Barium";"exact_match"
29284;32199;"measured";"Percentage Basophils";"exact_match"
29285;32852;"measured";"Benz[a]anthracene";"exact_match"
29286;32853;"measured";"Benzo[a]pyrene";"exact_match"
29287;32854;"measured";"Benzo[b]fluoranthene";"exact_match"
29288;32855;"measured";"Benzo[c]fluorene";"exact_match"
29289;32856;"measured";"Benzo[c]phenanthrene";"exact_match"
29290;32857;"measured";"Benzo[e]pyrene";"exact_match"
29291;32858;"measured";"Benzo[g,h,i]perylene";"exact_match"
29292;32859;"measured";"Benzo[j]fluoranthene";"exact_match"
29293;32860;"measured";"Benzo[k]fluoranthene";"exact_match"
29294;32925;"measured";"Benzophenone";"exact_match"
29295;32926;"measured";"Benzophenone 1";"exact_match"
29296;32927;"measured";"Benzophenone 2";"exact_match"
29297;32928;"measured";"Benzophenone 3";"exact_match"
29298;32929;"measured";"Benzophenone 4";"exact_match"
29299;32930;"measured";"Benzophenone 6";"exact_match"
29300;32931;"measured";"Benzophenone 7";"exact_match"
29301;32932;"measured";"Benzophenone 8";"exact_match"
29302;32504;"measured";"Benzylparaben";"exact_match"
29303;32416;"measured";"Berylium";"exact_match"
29304;32648;"measured";"Beta-hexachlorocyclohexane";"exact_match"
29305;32898;"measured";"Bioavailable estradio";"exact_match"
29306;32899;"measured";"Bioavailable testosterone";"exact_match"
29307;32283;"measured";"Bis(1,3-dichloro-2-propyl) phosphate";"exact_match"
29308;32284;"measured";"Bis(1-chloro-2-propyl) phosphate";"exact_match"
29309;32285;"measured";"Bis(2-butoxyethyl) 3-hydroxy-2-butoxyethyl phosphate";"exact_match"
29310;32286;"measured";"Bis(2-butoxyethyl) phosphate";"exact_match"
29311;32287;"measured";"Bis(2-chloroethyl) phosphate";"exact_match"
29312;32288;"measured";"Bis(2-ethylhexyl) phosphate";"exact_match"
29313;32289;"measured";"Bis(2-ethylhexyl)-3,4,5,6-tetrabromophthalate";"exact_match"
29314;32417;"measured";"Bismuth";"exact_match"
29315;32190;"measured";"Bisphenol A total (free+ conjugated)";"close_match"
29316;32190;"measured";"Bisphenol A conjugated";"close_match"
29317;32190;"measured";"Bisphenol A free/unconjugated";"close_match"
29318;32191;"measured";"Bisphenol AF total (free+ conjugated)";"close_match"
29319;32191;"measured";"Bisphenol AF conjugated";"close_match"
29320;32191;"measured";"Bisphenol AF free/unconjugated";"close_match"
29321;32192;"measured";"Bisphenol B total (free+ conjugated)";"close_match"
29322;32192;"measured";"Bisphenol B conjugated";"close_match"
29323;32192;"measured";"Bisphenol B free/unconjugated";"close_match"
29324;32193;"measured";"Bisphenol C total (free+ conjugated)";"close_match"
29325;32193;"measured";"Bisphenol C conjugated";"close_match"
29326;32193;"measured";"Bisphenol C free/unconjugated";"close_match"
29327;32194;"measured";"Bisphenol F total (free+ conjugated)";"close_match"
29328;32194;"measured";"Bisphenol F conjugated";"close_match"
29329;32194;"measured";"Bisphenol F free/unconjugated";"close_match"
29330;32195;"measured";"Bisphenol S total (free+ conjugated)";"close_match"
29331;32195;"measured";"Bisphenol S conjugated";"close_match"
29332;32195;"measured";"Bisphenol S free/unconjugated";"close_match"
29333;32196;"measured";"Bisphenol Z total (free+ conjugated)";"close_match"
29334;32196;"measured";"Bisphenol Z conjugated";"close_match"
29335;32196;"measured";"Bisphenol Z free/unconjugated";"close_match"
29336;32227;"measured";"Blood lipid by enzymatic calculation but calculation not specified";"exact_match"
29337;32481;"measured";"Fusarenon-X";"exact_match"
29338;32418;"measured";"Boron";"exact_match"
29339;32674;"measured";"Boscalid";"exact_match"
29340;32716;"measured";"Boscalid-5-hydroxy";"exact_match"
29341;32776;"measured";"Butyl benzyl phthalate";"exact_match"
29342;32505;"measured";"Butylparaben";"exact_match"
29343;32381;"measured";"CRP-US";"exact_match"
29344;32419;"measured";"Cadmium";"exact_match"
29345;32420;"measured";"Calcium";"exact_match"
29346;32747;"measured";"Carbofuran-phenol";"exact_match"
29347;32239;"measured";"Carcino Embryonal Antigen";"exact_match"
29348;32421;"measured";"Cerium";"exact_match"
29349;32422;"measured";"Cesium";"exact_match"
29350;32754;"measured";"Chlorotrifluorovinylcyclo-propane carboxylic acid";"exact_match"
29351;32743;"measured";"Chlorpropham-4-hydroxy-O-sulfonic acid";"exact_match"
29352;32675;"measured";"Chlorpyrifos";"exact_match"
29353;32676;"measured";"Chlorpyrifos-methyl";"exact_match"
29354;32715;"measured";"Chlorpyrifos-methyl-desmethyl";"exact_match"
29355;32677;"measured";"Chlorpyrifos-methyl-oxon";"exact_match"
29356;32678;"measured";"Chlorpyrifos-oxon";"exact_match"
29357;32228;"measured";"Cholesterol";"exact_match"
29358;32423;"measured";"Total Chromium";"exact_match"
29359;32861;"measured";"Chrysen-2-ol";"exact_match"
29360;32862;"measured";"Chrysen-3-ol";"exact_match"
29361;32863;"measured";"Chrysen-4-ol";"exact_match"
29362;32864;"measured";"Chrysene";"exact_match"
29363;32755;"measured";"Cis-3-(2,2-dibromovinyl)-2,2-dimethylcyclopropane-1-carboxylic acid";"exact_match"
29364;32679;"measured";"Cis-chlordane";"exact_match"
29365;32757;"measured";"Cis-nonachlor";"exact_match"
29366;32470;"measured";"Citrinin";"exact_match"
29367;32745;"measured";"Clothianidin desmethyl";"exact_match"
29368;32295;"measured";"Hexabromobenzene";"exact_match"
29369;32348;"measured";"Comet assay (DNA damage and repair)";"exact_match"
29370;32349;"measured";"Comet assay (oxidation of DNA)";"exact_match"
29371;32425;"measured";"Copper";"exact_match"
29372;32910;"measured";"Cortisol";"exact_match"
29373;32396;"measured";"Cortison";"exact_match"
29374;32148;"measured";"Cotinine";"exact_match"
29375;32885;"measured";"Creatinine";"exact_match"
29376;32242;"measured";"Cyclohexane-1,2-dicarboxylate-mono-(7-carboxylate-4-methyl)heptyl ester";"exact_match"
29377;32243;"measured";"Cyclohexane-1,2-dicarboxylate-mono-(7-hydroxy-4-methyl)octyl ester";"exact_match"
29378;32244;"measured";"Cyclohexane-1,2-dicarboxylate-mono-(7-oxo-4-methyl)octyl ester";"exact_match"
29379;32596;"measured";"Hydroxylated Polychlorinated biphenyl 107";"exact_match"
29380;32597;"measured";"Hydroxylated Polychlorinated biphenyl 146";"exact_match"
29381;32598;"measured";"Hydroxylated Polychlorinated biphenyl 187";"exact_match"
29382;32398;"measured";"Cystatine-C";"exact_match"
29383;32384;"measured";"IgA";"exact_match"
29384;32291;"measured";"Dechlorane 602";"exact_match"
29385;32292;"measured";"Dechlorane 603";"exact_match"
29386;32293;"measured";"Dechlorane 604";"exact_match"
29387;32471;"measured";"Deepoxy-deoxynivalenol Free";"close_match"
29388;32471;"measured";"Deepoxy-deoxynivalenol Total (free + conjugated)";"close_match"
29389;32723;"measured";"Imidacloprid-5-OH";"exact_match"
29390;32472;"measured";"Total Deoxynivalenol (free + conjugated)";"close_match"
29391;32206;"measured";"Index hemolysis";"exact_match"
29392;32207;"measured";"Index icterie";"exact_match"
29393;32475;"measured";"Deoxynivalenol-3-glucoside";"exact_match"
29394;32476;"measured";"Deoxynivalenol-3-glucuronide";"exact_match"
29395;32373;"measured";"Desethyl 2-hydroxy atrazine";"exact_match"
29396;32374;"measured";"Desethyl atrazine";"exact_match"
29397;32375;"measured";"Desethyl desisopropyl 2-hydroxy atrazine";"exact_match"
29398;32376;"measured";"Desethyl desisopropyl atrazine";"exact_match"
29399;32377;"measured";"Desisopropyl 2-hydroxy atrazine";"exact_match"
29400;32378;"measured";"Desisopropyl atrazine";"exact_match"
29401;32722;"measured";"Desnitro-thiamethoxam";"exact_match"
29402;32688;"measured";"Di-isopropyl phosphate";"exact_match"
29403;32294;"measured";"Di-n-butyl phosphate";"exact_match"
29404;32779;"measured";"Di-n-butyl phthalate";"exact_match"
29405;32477;"measured";"Diacetoxyscirpenol";"exact_match"
29406;32681;"measured";"Dialkyl phosphate";"exact_match"
29407;32866;"measured";"Dibenzo[a,e]pyrene";"exact_match"
29408;32867;"measured";"Dibenzo[a,h]anthracene";"exact_match"
29409;32868;"measured";"Dibenzo[a,i]pyrene";"exact_match"
29410;32869;"measured";"Dibenzo[a,l]pyrene";"exact_match"
29411;32682;"measured";"Dibutyltin";"exact_match"
29412;32649;"measured";"Dichlorodiphenyldichloroethylene";"exact_match"
29413;32650;"measured";"Dichlorodiphenyltrichloroethane";"exact_match"
29414;32683;"measured";"Dieldrin";"exact_match"
29415;32684;"measured";"Diethyl alkyl phosphates";"exact_match"
29416;32685;"measured";"Diethyl phosphate";"exact_match"
29417;32777;"measured";"Diethyl phthalate";"exact_match"
29418;32686;"measured";"Diethyl thiophosphate";"exact_match"
29419;32687;"measured";"Diethyldithiophosphate";"exact_match"
29420;32718;"measured";"Difenoconazole CGA205374";"exact_match"
29421;32726;"measured";"Difenoconazole CGA205375";"exact_match"
29422;32778;"measured";"Diisobutyl phthalate";"exact_match"
29423;32689;"measured";"Dimethyl dithiophosphate";"exact_match"
29424;32690;"measured";"Dimethyl phosphate";"exact_match"
29425;32691;"measured";"Dimethyl thiophosphate";"exact_match"
29426;32692;"measured";"Dimethylalkylphosphates";"exact_match"
29427;32426;"measured";"Dimethylarsinic";"exact_match"
29428;32693;"measured";"Dioctyltin";"exact_match"
29429;32595;"measured";"Dioxin-like PCBs";"exact_match"
29430;32814;"measured";"Diphenyl phosphate";"exact_match"
29431;32694;"measured";"Diphenyltin";"exact_match"
29432;32880;"measured";"Dry substance";"exact_match"
29433;32695;"measured";"Endrin";"exact_match"
29434;32200;"measured";"Percentage Eosinophils";"exact_match"
29435;32201;"measured";"Erythrocytes";"exact_match"
29436;32900;"measured";"Estradiol";"exact_match"
29437;32358;"measured";"Ethoxyethoxyacetic acid";"exact_match"
29438;32748;"measured";"Ethylenethiourea";"exact_match"
29439;32506;"measured";"Ethylparaben";"exact_match"
29440;32696;"measured";"Ethyltriphenyltin";"exact_match"
29441;32202;"measured";"Percentage Fake B cells";"exact_match"
29442;32382;"measured";"FeNO-value";"exact_match"
29443;32263;"measured";"Ferritine";"exact_match"
29444;32744;"measured";"Fipronil";"exact_match"
29445;32697;"measured";"Fipronil sulfone";"exact_match"
29446;32730;"measured";"Fluopyram benzamide";"exact_match"
29447;32870;"measured";"Fluoranthene";"exact_match"
29448;32871;"measured";"Fluorene";"exact_match"
29449;32901;"measured";"Follicle-stimulating hormone";"exact_match"
29450;32902;"measured";"Free 17beta-estradiol";"exact_match"
29451;32903;"measured";"Free Testosterone";"exact_match"
29452;32904;"measured";"Free Testosterone index";"exact_match"
29453;32911;"measured";"Free thyroxine";"exact_match"
29454;32912;"measured";"Free triiodothyronine";"exact_match"
29455;32478;"measured";"Fumonisin B1";"exact_match"
29456;32479;"measured";"Fumonisin B2";"exact_match"
29457;32480;"measured";"Fumonisin B3";"exact_match"
29458;32557;"measured";"Linear Perfluoro-3,6-dioxaheptanoic acid";"exact_match"
29459;32456;"measured";"Galaxolide";"exact_match"
29460;32427;"measured";"Gallium";"exact_match"
29461;32404;"measured";"Gamma-GT";"exact_match"
29462;32651;"measured";"Gamma-hexachlorocyclohexane (lindane)";"exact_match"
29463;32400;"measured";"Glucose";"exact_match"
29464;32203;"measured";"Glycated haemoglobin";"close_match"
29465;32203;"measured";"Percentage Glycated haemoglobin";"close_match"
29466;32698;"measured";"Glyphosate";"exact_match"
29467;32428;"measured";"Gold";"exact_match"
29468;32229;"measured";"Gravimetric fat";"exact_match"
29469;32230;"measured";"HDL cholesterol";"exact_match"
29470;32253;"measured";"HIstone modification AR (Androgen receptor): normalised expression compared to RPLP0";"exact_match"
29471;32254;"measured";"HIstone modification ESR1 (Estrogen receptor alfa): normalised expression compared to RPLP0";"exact_match"
29472;32255;"measured";"HIstone modification ESR2 (Estrogen receptor beta): normalised expression compared to RPLP0";"exact_match"
29473;32256;"measured";"HIstone modification GR (nuclear receptor subfamily 3 group C member 1/ glucocorticoid receptor): normalised expression compared to RPLP0";"exact_match"
29474;32257;"measured";"HIstone modification OGG1 (8-oxoguanine DNA glycosylase): normalised expression compared to RPLP0";"exact_match"
29475;32258;"measured";"HIstone modification PPARa (peroxisome proliferator activated receptor alpha): normalised expression compared to RPLP0";"exact_match"
29476;32259;"measured";"HIstone modification PPARg (peroxisome proliferator activated receptor gamma): normalised expression compared to RPLP0";"exact_match"
29477;32260;"measured";"HIstone modification SUV39H1 (SUV39H1 histone lysine methyltransferase): normalised expression compared to RPLPO";"exact_match"
29478;32261;"measured";"HIstone modification TERT (Telomerase): normalised expression compared to RPLP0";"exact_match"
29479;32913;"measured";"HIstone modification THRA (Thyroid receptor alfa): normalised expression compared to RPLP0";"exact_match"
29480;32914;"measured";"HIstone modification THRB (Thyroid receptor beta): normalised expression compared to RPLP0";"exact_match"
29481;32482;"measured";"HT-2 Toxin";"exact_match"
29482;32429;"measured";"Hafnium";"exact_match"
29483;32204;"measured";"Percentage Hematocrit";"exact_match"
29484;32205;"measured";"Hemoglobin";"exact_match"
29485;32699;"measured";"Heptachlor";"exact_match"
29486;32700;"measured";"Heptachlor exo-epoxide (cis)";"exact_match"
29487;32701;"measured";"Heptachlor exo-epoxide (trans)";"exact_match"
29488;32507;"measured";"Heptylparaben";"exact_match"
29489;32588;"measured";"Linear Perfluoropentanoic acid";"exact_match"
29490;32296;"measured";"Hexabromobiphenyl";"exact_match"
29491;32297;"measured";"Hexabromocyclododecane alpha";"exact_match"
29492;32298;"measured";"Hexabromocyclododecane beta";"exact_match"
29493;32299;"measured";"Hexabromocyclododecane gamma";"exact_match"
29494;32758;"measured";"Hexachlorobenzene";"exact_match"
29495;32300;"measured";"Hexachlorocyclopentadienyl-dibromocyclooctane";"exact_match"
29496;32430;"measured";"Hexavalent chromium";"exact_match"
29497;32383;"measured";"High-sensitivity reactive protein";"exact_match"
29498;32933;"measured";"Homosalate";"exact_match"
29499;32483;"measured";"Hydrolysed-fumonisin B1";"exact_match"
29500;32210;"measured";"Percentage Lymphocytes";"exact_match"
29501;32435;"measured";"Magnesium";"exact_match"
29502;32436;"measured";"Manganese";"exact_match"
29503;32301;"measured";"Hydroxyphenyl diphenyl phosphate";"exact_match"
29504;32212;"measured";"Mean Corpuscular Hemoglobin Concentration";"exact_match"
29505;32385;"measured";"IgE";"exact_match"
29506;32386;"measured";"IgM";"exact_match"
29507;32742;"measured";"Imidacloprid";"exact_match"
29508;32735;"measured";"Imidacloprid desnitro";"exact_match"
29509;32734;"measured";"Imidacloprid olefin";"exact_match"
29510;32164;"measured";"Meta-Fluoroaniline";"exact_match"
29511;32872;"measured";"Indeno[1,2,3-cd]pyrene";"exact_match"
29512;32438;"measured";"Methyl mercury";"exact_match"
29513;32510;"measured";"Methylparaben";"exact_match"
29514;32208;"measured";"Index lipemia";"exact_match"
29515;32905;"measured";"Inhibine B";"exact_match"
29516;32407;"measured";"Insulin";"exact_match"
29517;32388;"measured";"Interferon gamma";"exact_match"
29518;32387;"measured";"Interleukin 1 beta";"exact_match"
29519;32389;"measured";"Interleukin 10";"exact_match"
29520;32390;"measured";"Interleukin 12 p70";"exact_match"
29521;32391;"measured";"Interleukin 2";"exact_match"
29522;32392;"measured";"Interleukin 4";"exact_match"
29523;32393;"measured";"Interleukin 6";"exact_match"
29524;32394;"measured";"Interleukin 8";"exact_match"
29525;32360;"measured";"Iodium";"exact_match"
29526;32431;"measured";"Iridium";"exact_match"
29527;32432;"measured";"Iron";"exact_match"
29528;32508;"measured";"Iso-butylparaben";"exact_match"
29529;32934;"measured";"Isoamyl p-methoxycinnamate";"exact_match"
29530;32509;"measured";"Isopropylparaben";"exact_match"
29531;32142;"measured";"Kisspeptine 54";"exact_match"
29532;32231;"measured";"LDL cholesterol";"exact_match"
29533;32433;"measured";"Lead";"exact_match"
29534;32408;"measured";"Leptin";"exact_match"
29535;32209;"measured";"Leukocytes total";"exact_match"
29536;32514;"measured";"Linear + branched 2-(N-Methylperfluorooctanesulfonamido)acetic acid";"exact_match"
29537;32515;"measured";"Linear + branched N-Ethylperfluoro-1-octanesulphonamide";"exact_match"
29538;32517;"measured";"Linear + branched N-Methylperfluoro-1 octanesulphonamide";"exact_match"
29539;32516;"measured";"Linear + branched N-ethyl-perfluorooctane sulfonamidoacetate";"exact_match"
29540;32518;"measured";"Linear + branched Perfluoro-1-octaperfluoro-1-octanesulphonamide";"exact_match"
29541;32519;"measured";"Linear + branched Perfluorobutane sulfonic acid";"exact_match"
29542;32520;"measured";"Linear + branched Perfluorodecane sulfonic acid";"exact_match"
29543;32521;"measured";"Linear + branched Perfluorodecanoic acid";"exact_match"
29544;32522;"measured";"Linear + branched Perfluorododecanoic acid";"exact_match"
29545;32523;"measured";"Linear + branched Perfluoroheptane sulfonic acid";"exact_match"
29546;32524;"measured";"Linear + branched Perfluoroheptanoic acid";"exact_match"
29547;32525;"measured";"Linear + branched Perfluorohexane sulfonic acid";"exact_match"
29548;32526;"measured";"Linear + branched Perfluorohexanoic acid";"exact_match"
29549;32527;"measured";"Linear + branched Perfluorononanoic acid";"exact_match"
29550;32528;"measured";"Linear + branched Perfluorooctane sulfonic acid";"exact_match"
29551;32529;"measured";"Linear + branched Perfluorooctanoic acid";"exact_match"
29552;32530;"measured";"Linear + branched Perfluoropentanoic acid";"exact_match"
29553;32531;"measured";"Linear + branched Perfluorotetradecanoic acid";"exact_match"
29554;32532;"measured";"Linear + branched Perfluorotridecanoic acid";"exact_match"
29555;32533;"measured";"Linear + branched Perfluoroundecanoic acid";"exact_match"
29556;32534;"measured";"Linear 11-chloroeicosafluoro-3-oxaundecane-1-sulfonic acid";"exact_match"
29557;32535;"measured";"Linear 1H,1H,2H,2H-Perfluorodecanesulfonic acid";"exact_match"
29558;32536;"measured";"Linear 1H,1H,2H,2H-Perfluorohexanesulfonic acid";"exact_match"
29559;32539;"measured";"Linear 2,2,3-trifluoro-3-[1,1,2,2,3,3-hexafluoro-3-(trifluoromethoxy)propoxy]propanoic acid";"exact_match"
29560;32537;"measured";"Linear 2-(6-Chlorododecafluorohexyloxy)-1,1,2,2-tetrafluoroethanesulfonic acid potassium salt";"exact_match"
29561;32538;"measured";"Linear 2-(N-Methylperfluorooctanesulfonamido)acetic acid";"exact_match"
29562;32540;"measured";"Linear 3,3,4,4,5,5,6,6,7,7,8,8,8-tridecafluorooctanesulphonic acid";"exact_match"
29563;32541;"measured";"Linear 6:2 polyfluoroalkyl phosphoric acid diesters";"exact_match"
29564;32542;"measured";"Linear 6:2 polyfluoroalkyl phosphoric acid monoesters";"exact_match"
29565;32543;"measured";"Linear 6:2/8:2 Fluorotelomer phosphate diester";"exact_match"
29566;32544;"measured";"Linear 8:2 polyfluoroalkyl phosphoric acid diesters";"exact_match"
29567;32545;"measured";"Linear 8:2 polyfluoroalkyl phosphoric acid monoesters";"exact_match"
29568;32546;"measured";"Linear 9-chlorohexadecafluoro-3-oxanone-1-sulfonic acid";"exact_match"
29569;32547;"measured";"Linear Fluorotelomer sulfonic acid 10:2";"exact_match"
29570;32548;"measured";"Linear Hexafluoropropylene Oxide Dimer Acid";"exact_match"
29571;32549;"measured";"Linear N-(Methyl)nonafluorobutanesulfonamide";"exact_match"
29572;32552;"measured";"Linear N-Ethyl-perfluorooctane sulphonamidoethanol";"exact_match"
29573;32550;"measured";"Linear N-Ethylperfluoro-1-octanesulphonamide";"exact_match"
29574;32553;"measured";"Linear N-Methylperfluoro-1 octanesulphonamide";"exact_match"
29575;32551;"measured";"Linear N-ethyl-perfluorooctane sulfonamidoacetate";"exact_match"
29576;32554;"measured";"Linear Perfluorbutanesulfonylamide(N-methyl)acetate";"exact_match"
29577;32555;"measured";"Linear Perfluoro 2-ethoxyethane sulfonic acid";"exact_match"
29578;32556;"measured";"Linear Perfluoro-1-octaperfluoro-1-octanesulphonamide";"exact_match"
29579;32441;"measured";"Nickel";"exact_match"
29580;32558;"measured";"Linear Perfluoro-4-ethylcyclohexane sulfonic acid";"exact_match"
29581;32559;"measured";"Linear Perfluoro-4-methoxypropanoic acid";"exact_match"
29582;32560;"measured";"Linear Perfluoro-5-methoxybutanoic acid";"exact_match"
29583;32576;"measured";"Linear Perfluoro-n-decanesulfonamide";"exact_match"
29584;32579;"measured";"Linear Perfluoro-n-propanesulfonic acid";"exact_match"
29585;32580;"measured";"Linear Perfluoro-n-propanoic acid";"exact_match"
29586;32561;"measured";"Linear Perfluorobutane sulfonic acid";"exact_match"
29587;32562;"measured";"Linear Perfluorobutanoic acid";"exact_match"
29588;32563;"measured";"Linear Perfluorobutylsulphonamide";"exact_match"
29589;32564;"measured";"Linear Perfluorodecane sulfonic acid";"exact_match"
29590;32565;"measured";"Linear Perfluorodecanoic acid";"exact_match"
29591;32566;"measured";"Linear Perfluorodecylphosphonic acid";"exact_match"
29592;32567;"measured";"Linear Perfluorododecane sulfonic acid";"exact_match"
29593;32568;"measured";"Linear Perfluorododecanoic acid";"exact_match"
29594;32569;"measured";"Linear Perfluoroheptane sulfonic acid";"exact_match"
29595;32570;"measured";"Linear Perfluoroheptanoic acid";"exact_match"
29596;32571;"measured";"Linear Perfluorohexadecanoic acid";"exact_match"
29597;32572;"measured";"Linear Perfluorohexane sulfonic acid";"exact_match"
29598;32573;"measured";"Linear Perfluorohexanesulfonamide";"exact_match"
29599;32574;"measured";"Linear Perfluorohexanoic acid";"exact_match"
29600;32575;"measured";"Linear Perfluorohexylphosphonic acid";"exact_match"
29601;32577;"measured";"Linear Perfluorononanesulfonic acid";"exact_match"
29602;32578;"measured";"Linear Perfluorononanoic acid";"exact_match"
29603;32581;"measured";"Linear Perfluorooctadecanoic acid";"exact_match"
29604;32582;"measured";"Linear Perfluorooctane sulfonic acid";"exact_match"
29605;32583;"measured";"Linear Perfluorooctanesulfonamido acetic acid";"exact_match"
29606;32584;"measured";"Linear Perfluorooctanoic acid";"exact_match"
29607;32585;"measured";"Linear Perfluorooctylphosphonic acid";"exact_match"
29608;32586;"measured";"Linear Perfluoropentadecanoic acid";"exact_match"
29609;32587;"measured";"Linear Perfluoropentane sulfonate";"exact_match"
29610;32305;"measured";"Pentabromotoluene";"exact_match"
29611;32589;"measured";"Linear Perfluorotetradecanoic acid";"exact_match"
29612;32590;"measured";"Linear Perfluorotridecanesulfonic acid";"exact_match"
29613;32591;"measured";"Linear Perfluorotridecanoic acid";"exact_match"
29614;32592;"measured";"Linear Perfluoroundecanesulfonic acid";"exact_match"
29615;32593;"measured";"Linear Perfluoroundecanoic acid";"exact_match"
29616;32594;"measured";"Linear Trifluoroacetic acid";"exact_match"
29617;32232;"measured";"Lipoprotein A";"exact_match"
29618;32434;"measured";"Lithium";"exact_match"
29619;32906;"measured";"Luteinizing hormone";"exact_match"
29620;32881;"measured";"Lutum content (fraction <2¬µm)";"exact_match"
29621;32218;"measured";"Platelet function test";"exact_match"
29622;32443;"measured";"Platinum";"exact_match"
29623;32307;"measured";"Polybrominated diphenylether 100";"exact_match"
29624;32211;"measured";"Mean Corpuscular Hemoglobin";"exact_match"
29625;32309;"measured";"Polybrominated diphenylether 138";"exact_match"
29626;32213;"measured";"Mean Corpuscular Volume (average volume of the erythrocytes)";"exact_match"
29627;32401;"measured";"Medium-chain acyl-CoA dehydrogenase deficiency";"exact_match"
29628;32942;"measured";"Mercapturic acid";"exact_match"
29629;32437;"measured";"Mercury";"exact_match"
29630;32163;"measured";"Meta-Chloroaniline";"exact_match"
29631;32315;"measured";"Polybrominated diphenylether 190";"exact_match"
29632;32359;"measured";"Methoxyproprionic acid";"exact_match"
29633;32317;"measured";"Polybrominated diphenylether 25";"exact_match"
29634;32318;"measured";"Polybrominated diphenylether 28";"exact_match"
29635;32236;"measured";"Mitochondrial DNA";"exact_match"
29636;32439;"measured";"Molybdenum";"exact_match"
29637;32780;"measured";"Mono(2,7-methyl-7-carboxy-heptyl) phthalate";"exact_match"
29638;32781;"measured";"Mono(2-carboxymethylhexyl) phthalate";"exact_match"
29639;32782;"measured";"Mono(2-ethyl-5-carboxy-pentyl) phthalate";"exact_match"
29640;32784;"measured";"Mono(2-ethyl-5-hydroxy-hexyl) phthalate";"exact_match"
29641;32783;"measured";"Mono(2-ethyl-5-hydroxyhexyl) adipate";"exact_match"
29642;32786;"measured";"Mono(2-ethyl-5-oxo-hexyl) phthalate";"exact_match"
29643;32785;"measured";"Mono(2-ethyl-5-oxohexyl) adipate";"exact_match"
29644;32787;"measured";"Mono(2-ethylhexyl) adipate";"exact_match"
29645;32788;"measured";"Mono(2-ethylhexyl) phthalate";"exact_match"
29646;32789;"measured";"Mono(2-propyl-6-carboxyhexyl) phthalate";"exact_match"
29647;32791;"measured";"Mono(2-propyl-6-hydroxyheptyl) phthalate";"exact_match"
29648;32792;"measured";"Mono(2-propyl-6-oxoheptyl) phthalate";"exact_match"
29649;32793;"measured";"Mono(2-propylheptyl) phthalate";"exact_match"
29650;32790;"measured";"Mono-(2-propyl-6-carboxyhexyl) phthalate";"exact_match"
29651;32794;"measured";"Mono-(4-hydroxypentyl) phthalate";"exact_match"
29652;32795;"measured";"Mono-(5-carboxy-n-pentyl) phthalate";"exact_match"
29653;32796;"measured";"Mono-(5-hydroxyhexyl) phthalate";"exact_match"
29654;32797;"measured";"Mono-(7-carboxy-n-hexyl) phthalate";"exact_match"
29655;32798;"measured";"Mono-benzyl phthalate";"exact_match"
29656;32799;"measured";"Mono-cyclo-hexyl phthalate";"exact_match"
29657;32800;"measured";"Mono-ethyl phthalate";"exact_match"
29658;32801;"measured";"Mono-hydroxyheptyl phthalate";"exact_match"
29659;32804;"measured";"Mono-iso-propyl phthalate";"exact_match"
29660;32802;"measured";"Mono-isobutyl phthalate";"exact_match"
29661;32803;"measured";"Mono-isopentyl phthalate";"exact_match"
29662;32805;"measured";"Mono-methyl phthalate";"exact_match"
29663;32806;"measured";"Mono-methyl-octyl phthalate";"exact_match"
29664;32807;"measured";"Mono-n-butyl phthalate";"exact_match"
29665;32808;"measured";"Mono-n-heptyl phthalate";"exact_match"
29666;32809;"measured";"Mono-n-hexyl phthalate";"exact_match"
29667;32810;"measured";"Mono-n-octyl phthalate";"exact_match"
29668;32811;"measured";"Mono-n-pentyl phthalate";"exact_match"
29669;32812;"measured";"Mono-propyl phthalate";"exact_match"
29670;32813;"measured";"Mono-propyl-heptyl phthalate";"exact_match"
29671;32702;"measured";"Monobutyltin";"exact_match"
29672;32214;"measured";"Percentage Monocytes";"exact_match"
29673;32440;"measured";"Monomethylarsonic";"exact_match"
29674;32703;"measured";"Monooctyltin";"exact_match"
29675;32704;"measured";"Monophenyltin";"exact_match"
29676;32632;"measured";"Polychlorinated biphenyl 201";"exact_match"
29677;32402;"measured";"Multiple acyl CoA dehydrogenase deficiency";"exact_match"
29678;32457;"measured";"Musk ketone";"exact_match"
29679;32458;"measured";"Musk xylene";"exact_match"
29680;32719;"measured";"Myclobutanil hydroxide";"exact_match"
29681;32143;"measured";"N-(2-Carbamoyl-2-hydroxyethyl)valine";"exact_match"
29682;32144;"measured";"N-(2-Carbamoylethyl)valine";"exact_match"
29683;32732;"measured";"N-(cyanomethyl)-4-(trifluoromethyl)pyridine-3-carboxamide";"exact_match"
29684;32145;"measured";"N-Acetyl-S-(2-carbamoyl-2-hydroxyethyl)cysteine";"exact_match"
29685;32185;"measured";"N-Acetyl-S-(N-methylcarbamoyl)cysteine";"exact_match"
29686;32168;"measured";"N-Phenylacetamide";"exact_match"
29687;32738;"measured";"N-[(6-chloropyridin-3-yl)methyl]-N'-cyano-N-methylethanimidamide";"exact_match"
29688;32165;"measured";"N-acetyl 4,4'-methylenebis (2-chloroaniline)";"exact_match"
29689;32166;"measured";"N-acetyl-2-aminophenol";"exact_match"
29690;32167;"measured";"N-acetyl-4-aminophenol";"exact_match"
29691;32147;"measured";"N-acetyl-S-(2-carbamoyl-ethyl)-L-cysteine-sulfoxide";"exact_match"
29692;32146;"measured";"N-acetyl-S-(2-carbamoyl-ethyl)cysteine";"exact_match"
29693;32186;"measured";"N-hydroxymethyl-N-methylacetamide";"exact_match"
29694;32187;"measured";"N-methylacetamide";"exact_match"
29695;32188;"measured";"N-methylformamide";"exact_match"
29696;32873;"measured";"Naphthalene";"exact_match"
29697;32216;"measured";"Percentage Natural killer cells";"exact_match"
29698;32484;"measured";"Neosolaniol";"exact_match"
29699;32217;"measured";"Percentage Neutrophil segments";"exact_match"
29700;32875;"measured";"Phenanthrene-1,2,3,4-tetrol";"exact_match"
29701;32485;"measured";"Nivalenol";"exact_match"
29702;32350;"measured";"Number of micronuclei per 1000 binucleated cells";"exact_match"
29703;32351;"measured";"Number of scored cells in the micronucleus assay";"exact_match"
29704;32705;"measured";"O,p'-Dichlorodiphenyldichloroethylene";"exact_match"
29705;32706;"measured";"O,p'-dichlorodiphenyltrichloroethane";"exact_match"
29706;32486;"measured";"Ochratoxin A Free";"close_match"
29707;32486;"measured";"Ochratoxin A Total (free + conjugated)";"close_match"
29708;32487;"measured";"Ochratoxin-alpha";"exact_match"
29709;32302;"measured";"Octabromotrimethylphenylindane";"exact_match"
29710;32252;"measured";"Octachlorodibenzodioxin";"exact_match"
29711;32346;"measured";"Octachlorodibenzofuran";"exact_match"
29712;32935;"measured";"Octyl methoxycinnamate";"exact_match"
29713;32882;"measured";"Organic material";"exact_match"
29714;32169;"measured";"Ortho-Chloroaniline";"exact_match"
29715;32170;"measured";"Ortho-Fluoroaniline";"exact_match"
29716;32171;"measured";"Ortho-toluidine";"exact_match"
29717;32886;"measured";"Osmotic concentration of urine of the sample";"exact_match"
29718;32652;"measured";"Oxychlordane";"exact_match"
29719;32172;"measured";"P-aminophenol";"exact_match"
29720;32512;"measured";"P-hydroxybenzoic acid";"exact_match"
29721;32883;"measured";"PH in 1M KCl";"exact_match"
29722;32442;"measured";"Palladium";"exact_match"
29723;32173;"measured";"Para-Chloroaniline";"exact_match"
29724;32174;"measured";"Para-Fluoroaniline";"exact_match"
29725;32175;"measured";"Para-toluidine";"exact_match"
29726;32707;"measured";"Parathion-ethyl";"exact_match"
29727;32708;"measured";"Parathion-methyl";"exact_match"
29728;32488;"measured";"Patulin";"exact_match"
29729;32303;"measured";"Pentabromoethylbenzene";"exact_match"
29730;32304;"measured";"Pentabromophenol";"exact_match"
29731;32450;"measured";"Titanium";"exact_match"
29732;32709;"measured";"Pentachlorophenol";"exact_match"
29733;32511;"measured";"Pentylparaben";"exact_match"
29734;32891;"measured";"Percentage of DNA methylation at KISS CpG1";"exact_match"
29735;32892;"measured";"Percentage of DNA methylation at KISS CpG2";"exact_match"
29736;32893;"measured";"Percentage of DNA methylation at KISS CpG3";"exact_match"
29737;32894;"measured";"Percentage of DNA methylation at KISS CpG4";"exact_match"
29738;32306;"measured";"Perchloropentacyclodecane";"exact_match"
29739;32874;"measured";"Phenanthrene";"exact_match"
29740;32615;"measured";"Polychlorinated biphenyl 167";"exact_match"
29741;32737;"measured";"Pirimiphos-methyl-desmethyl";"exact_match"
29742;32406;"measured";"Transaminase AST";"exact_match"
29743;32333;"measured";"Tri-n-butyl phosphate";"exact_match"
29744;32712;"measured";"Tributyltin";"exact_match"
29745;32308;"measured";"Polybrominated diphenylether 119";"exact_match"
29746;32235;"measured";"Triclosan";"exact_match"
29747;32310;"measured";"Polybrominated diphenylether 15";"exact_match"
29748;32311;"measured";"Polybrominated diphenylether 153";"exact_match"
29749;32312;"measured";"Polybrominated diphenylether 154";"exact_match"
29750;32313;"measured";"Polybrominated diphenylether 17";"exact_match"
29751;32314;"measured";"Polybrominated diphenylether 183";"exact_match"
29752;32335;"measured";"Tris(2,3-dibromopropyl) phosphate";"exact_match"
29753;32316;"measured";"Polybrominated diphenylether 209";"exact_match"
29754;32336;"measured";"Tris(chloroethyl) phosphate";"exact_match"
29755;32451;"measured";"Trivalent chromium";"exact_match"
29756;32319;"measured";"Polybrominated diphenylether 33";"exact_match"
29757;32320;"measured";"Polybrominated diphenylether 47";"exact_match"
29758;32321;"measured";"Polybrominated diphenylether 66";"exact_match"
29759;32322;"measured";"Polybrominated diphenylether 71";"exact_match"
29760;32323;"measured";"Polybrominated diphenylether 75";"exact_match"
29761;32324;"measured";"Polybrominated diphenylether 77";"exact_match"
29762;32325;"measured";"Polybrominated diphenylether 85";"exact_match"
29763;32326;"measured";"Polybrominated diphenylether 99";"exact_match"
29764;32599;"measured";"Polychlorinated biphenyl 101";"exact_match"
29765;32600;"measured";"Polychlorinated biphenyl 105";"exact_match"
29766;32601;"measured";"Polychlorinated biphenyl 110";"exact_match"
29767;32602;"measured";"Polychlorinated biphenyl 114";"exact_match"
29768;32603;"measured";"Polychlorinated biphenyl 118";"exact_match"
29769;32604;"measured";"Polychlorinated biphenyl 123";"exact_match"
29770;32605;"measured";"Polychlorinated biphenyl 126";"exact_match"
29771;32606;"measured";"Polychlorinated biphenyl 128";"exact_match"
29772;32607;"measured";"Polychlorinated biphenyl 138";"exact_match"
29773;32608;"measured";"Polychlorinated biphenyl 146";"exact_match"
29774;32609;"measured";"Polychlorinated biphenyl 149";"exact_match"
29775;32610;"measured";"Polychlorinated biphenyl 151";"exact_match"
29776;32611;"measured";"Polychlorinated biphenyl 153";"exact_match"
29777;32612;"measured";"Polychlorinated biphenyl 156";"exact_match"
29778;32613;"measured";"Polychlorinated biphenyl 157";"exact_match"
29779;32614;"measured";"Polychlorinated biphenyl 158";"exact_match"
29780;32262;"measured";"Retroelement LINE L1 copy number variation normalized values to RPLP0 gene";"exact_match"
29781;32616;"measured";"Polychlorinated biphenyl 169";"exact_match"
29782;32617;"measured";"Polychlorinated biphenyl 170";"exact_match"
29783;32618;"measured";"Polychlorinated biphenyl 171";"exact_match"
29784;32619;"measured";"Polychlorinated biphenyl 172";"exact_match"
29785;32620;"measured";"Polychlorinated biphenyl 174";"exact_match"
29786;32621;"measured";"Polychlorinated biphenyl 177";"exact_match"
29787;32622;"measured";"Polychlorinated biphenyl 178";"exact_match"
29788;32623;"measured";"Polychlorinated biphenyl 18";"exact_match"
29789;32624;"measured";"Polychlorinated biphenyl 180";"exact_match"
29790;32625;"measured";"Polychlorinated biphenyl 183";"exact_match"
29791;32626;"measured";"Polychlorinated biphenyl 187";"exact_match"
29792;32627;"measured";"Polychlorinated biphenyl 189";"exact_match"
29793;32628;"measured";"Polychlorinated biphenyl 194";"exact_match"
29794;32629;"measured";"Polychlorinated biphenyl 195";"exact_match"
29795;32630;"measured";"Polychlorinated biphenyl 196";"exact_match"
29796;32631;"measured";"Polychlorinated biphenyl 199";"exact_match"
29797;32492;"measured";"T-2 Toxin";"exact_match"
29798;32633;"measured";"Polychlorinated biphenyl 203";"exact_match"
29799;32634;"measured";"Polychlorinated biphenyl 206";"exact_match"
29800;32635;"measured";"Polychlorinated biphenyl 209";"exact_match"
29801;32636;"measured";"Polychlorinated biphenyl 28";"exact_match"
29802;32637;"measured";"Polychlorinated biphenyl 44";"exact_match"
29803;32638;"measured";"Polychlorinated biphenyl 49";"exact_match"
29804;32639;"measured";"Polychlorinated biphenyl 52";"exact_match"
29805;32640;"measured";"Polychlorinated biphenyl 66";"exact_match"
29806;32641;"measured";"Polychlorinated biphenyl 74";"exact_match"
29807;32642;"measured";"Polychlorinated biphenyl 77";"exact_match"
29808;32643;"measured";"Polychlorinated biphenyl 81";"exact_match"
29809;32644;"measured";"Polychlorinated biphenyl 87";"exact_match"
29810;32645;"measured";"Polychlorinated biphenyl 99";"exact_match"
29811;32907;"measured";"Progesterone";"exact_match"
29812;32749;"measured";"Propoxur";"exact_match"
29813;32740;"measured";"Propyl N-[3-(dimethylamino)propyl]carbamate";"exact_match"
29814;32513;"measured";"Propylparaben";"exact_match"
29815;32240;"measured";"Prostate Specific Antigen";"exact_match"
29816;32876;"measured";"Pyrene";"exact_match"
29817;32219;"measured";"Percentage Red Cell Distribution Width (Relative distribution width (degree of variation in the volume (MCV) of the red blood cells))";"exact_match"
29818;32237;"measured";"Relative telomere length (telomere/nuclear DNA) in blood";"exact_match"
29819;32220;"measured";"Reticulocytes";"exact_match"
29820;32711;"measured";"Trans-chlordane";"exact_match"
29821;32647;"measured";"Trans-nonachlor";"exact_match"
29822;32405;"measured";"Transaminase ALT";"exact_match"
29823;32489;"measured";"Roquefortine C";"exact_match"
29824;32189;"measured";"S-(acetamidomethyl) mercapturic acid";"exact_match"
29825;32221;"measured";"Segment kernels total";"exact_match"
29826;32444;"measured";"Selenium";"exact_match"
29827;32908;"measured";"Sex Hormone Binding Globulin";"exact_match"
29828;32379;"measured";"Simazine";"exact_match"
29829;32380;"measured";"Simazine mercapturate";"exact_match"
29830;32887;"measured";"Specific gravity";"exact_match"
29831;32720;"measured";"Spirotetramat enol";"exact_match"
29832;32490;"measured";"Sterigmatocystin";"exact_match"
29833;32445;"measured";"Strontium";"exact_match"
29834;32327;"measured";"Syn-dechlorane plus";"exact_match"
29835;32222;"measured";"Percentage T cells";"exact_match"
29836;32943;"measured";"T,t-muconic acid";"exact_match"
29837;32395;"measured";"Tumor necrosis factor alfa";"exact_match"
29838;32491;"measured";"T-2 tetraol toxin";"exact_match"
29839;32493;"measured";"T-2 triol toxin";"exact_match"
29840;32710;"measured";"Tebuconazole-OH (hydroxytebuconazole)";"exact_match"
29841;32446;"measured";"Tellurium";"exact_match"
29842;32238;"measured";"Telomere Length (TEL) copy number variations normalized values to RPLP0 gene";"exact_match"
29843;32909;"measured";"Testosterone";"exact_match"
29844;32328;"measured";"Tetrabromobisphenol A";"exact_match"
29845;32329;"measured";"Tetrabromobisphenol A bis(2,3-dibromopropyl ether)";"exact_match"
29846;32330;"measured";"Tetrabromoethylcyclohexane";"exact_match"
29847;32447;"measured";"Thallium";"exact_match"
29848;32448;"measured";"Thorium";"exact_match"
29849;32223;"measured";"Total Thrombocytes";"exact_match"
29850;32915;"measured";"Thyroid-stimulating hormone";"exact_match"
29851;32449;"measured";"Tin";"exact_match"
29852;32495;"measured";"Free Zearalenone";"close_match"
29853;32459;"measured";"Tonalide";"exact_match"
29854;32331;"measured";"Total Hexabromocyclododecane";"exact_match"
29855;32646;"measured";"Total dioxin-like compounds";"exact_match"
29856;32884;"measured";"Total organic carbon";"exact_match"
29857;32916;"measured";"Total thyroxine";"exact_match"
29858;32917;"measured";"Total triiodothyronine";"exact_match"
29859;32756;"measured";"Trans-3-(2,2-dichlorovinyl)-2,2-dimethylcyclopropane-1-carboxylic acid";"exact_match"
29860;32501;"measured";"Œ≤-zearalanol";"exact_match"
29861;32502;"measured";"Œ≤-zearalenol Free";"close_match"
29862;32502;"measured";"Œ≤-zearalenol Total (free + conjugated)";"close_match"
29863;32503;"measured";"Œ≤-zearalenol-glucuronide";"exact_match"
29864;32494;"measured";"Zearalanone";"exact_match"
29865;32241;"measured";"Tumor suppressor p53";"exact_match"
29866;32234;"measured";"Triclocarban (3-(4-Chlorophenyl)-1-(3,4-dichlorophenyl)urea)";"exact_match"
29867;32453;"measured";"Uranium";"exact_match"
29868;32332;"measured";"Tricresyl phosphate";"exact_match"
29869;32721;"measured";"Trifloxystrobin acid";"exact_match"
29870;32233;"measured";"Triglycerides";"exact_match"
29871;32713;"measured";"Trioctyltin";"exact_match"
29872;32334;"measured";"Triphenyl phosphate";"exact_match"
29873;32937;"measured";"Vitamin B";"exact_match"
29874;32815;"measured";"Tris(2-butoxyethyl) phosphate";"exact_match"
29875;32939;"measured";"Vitamin D";"exact_match"
29876;32940;"measured";"Vitamin E";"exact_match"
29877;32888;"measured";"Urine density of the sample";"exact_match"
29878;32495;"measured";"Total (free + conjugated) Zearalenone";"close_match"
29879;32452;"measured";"Tungsten";"exact_match"
29880;32496;"measured";"Zearalenone-14-glucuronide";"exact_match"
29881;32936;"measured";"Vitamin A";"exact_match"
29882;32889;"measured";"Urine void volume per 24h";"exact_match"
29883;32890;"measured";"Urine volume";"exact_match"
29884;32454;"measured";"Vanadium";"exact_match"
29885;32499;"measured";"Œ±-zearalenol Free";"close_match"
29886;32500;"measured";"Œ±-zearalenol-glucuronide";"exact_match"
29887;32938;"measured";"Vitamin B12";"exact_match"
29888;32498;"measured";"Œ±-zearalanol";"exact_match"
29889;32497;"measured";"Zearalenone-14-sulphate";"exact_match"
29890;32455;"measured";"Zinc";"exact_match"
29891;32499;"measured";"Œ±-zearalenol Total (free + conjugated)";"close_match"
29892;32209;"derived formula";"Total (helper) T cells";"group_contains"
29892;32198;"derived formula";"Total (helper) T cells";"group_contains"
29892;32210;"derived formula";"Total (helper) T cells";"group_contains"
29893;32214;"derived formula";"Total Monocytes";"group_contains"
29893;32209;"derived formula";"Total Monocytes";"group_contains"
29894;32217;"derived formula";"Total Neutrophil segments";"group_contains"
29894;32209;"derived formula";"Total Neutrophil segments";"group_contains"
29895;32197;"derived formula";"Total (cytotox.) T cells";"group_contains"
29895;32210;"derived formula";"Total (cytotox.) T cells";"group_contains"
29895;32209;"derived formula";"Total (cytotox.) T cells";"group_contains"
29896;32199;"derived formula";"Total Basophils";"group_contains"
29896;32209;"derived formula";"Total Basophils";"group_contains"
29897;32209;"derived formula";"Total Eosinophils";"group_contains"
29897;32200;"derived formula";"Total Eosinophils";"group_contains"
29898;32210;"derived formula";"Total T cells";"group_contains"
29898;32209;"derived formula";"Total T cells";"group_contains"
29898;32222;"derived formula";"Total T cells";"group_contains"
29899;32210;"derived formula";"Total Lymphocytes";"group_contains"
29899;32209;"derived formula";"Total Lymphocytes";"group_contains"
