"category_key";"category_sort";"lingo";"category_name";"category_description";"category_level1";"category_level2";"category_level3"
"<TODO: nog aan te vullen effect>";2005;"en";"Effect categorie nog aan te vullen";"Tijdelijk";"Effect marker";"Todo: nog aan te vullen: effect merker die geen categorie heeft";
"<TODO: nog aan te vullen effect>";2005;"nl";"Effect categorie nog aan te vullen";"Tijdelijk";"Effect marker";"Todo: nog aan te vullen: effect merker die geen categorie heeft";
"<TODO: nog aan te vullen exposure>";3004;"nl";"Exposure categorie nog aan te vullen";"Tijdelijk";"Exposure marker";"Todo exposure merker diegeen categorie heeft";
"<TODO: nog aan te vullen exposure>";3004;"en";"Exposure categorie nog aan te vullen";"Tijdelijk";"Exposure marker";"Todo exposure merker diegeen categorie heeft";
"Acrylamide";10000;"nl";"Acrylamide";"Acrylamide";"Exposure marker";"Acrylamide";
"Acrylamide";10000;"en";"Acrylamide";"Acrylamide";"Exposure marker";"Acrylamide";
"Alcohol and drugs";4;"nl";"Alcohol and drugs";"This category contains all questions related to alcohol use and own recreational drug use";"Personal behavior";"Alcohol and drugs";
"Alcohol and drugs";4;"en";"Alcohol and drugs";"This category contains all questions related to alcohol use and own recreational drug use";"Personal behavior";"Alcohol and drugs";
"Alkaloid";10002;"en";"Alkaloid";"Alkaloid";"Exposure marker";"Alkaloid";
"Alkaloid";10002;"nl";"Alkaloid";"Alkaloid";"Exposure marker";"Alkaloid";
"Anilines and MOCA";1007;"nl";"Anilines and MOCA";"Anilines and MOCA";"Exposure marker";"Anilines and MOCA";
"Anilines and MOCA";1007;"en";"Anilines and MOCA";"Anilines and MOCA";"Exposure marker";"Anilines and MOCA";
"Aprotic solvents";1010;"nl";"Aprotic solvents";"Aprotic solvents";"Exposure marker";"Aprotic solvents";
"Aprotic solvents";1010;"en";"Aprotic solvents";"Aprotic solvents";"Exposure marker";"Aprotic solvents";
"Asthma and allergy";451;"nl";"Asthma and allergy";"This category contains all questions related to problems with breathing, allergy and ashtma. It contains questions on the disease and medication specific for the disease ook longfunctietesten??";"Health data";"Physical health";"Asthma and allergy"
"Asthma and allergy";451;"en";"Asthma and allergy";"This category contains all questions related to problems with breathing, allergy and ashtma. It contains questions on the disease and medication specific for the disease ook longfunctietesten??";"Health data";"Physical health";"Asthma and allergy"
"Baby feeding";47;"en";"Baby feeding";"This category contains all questions related to baby feeding because it is very specific: Questions on how much breast milk, bottle feeding, names of brands for bottle feeding, etc.";"Nutricion and diet";"Baby feeding";
"Baby feeding";47;"nl";"Baby feeding";"This category contains all questions related to baby feeding because it is very specific: Questions on how much breast milk, bottle feeding, names of brands for bottle feeding, etc.";"Nutricion and diet";"Baby feeding";
"Bathing and showering";55;"nl";"Bathing and showering";"This category contains all questions related to bathing and showering. Using soap and other products, etc.";"Personal exposure";"Personal care and hygiene";"Bathing and showering"
"Bathing and showering";55;"en";"Bathing and showering";"This category contains all questions related to bathing and showering. Using soap and other products, etc.";"Personal exposure";"Personal care and hygiene";"Bathing and showering"
"Biological food";45;"en";"Biological food";"This category contains all questions related to non-local bio-food and frequency of eating local and non-local bio-food";"Nutricion and diet";"Biological food";
"Biological food";45;"nl";"Biological food";"This category contains all questions related to non-local bio-food and frequency of eating local and non-local bio-food";"Nutricion and diet";"Biological food";
"Bisphenols";1005;"en";"Bisphenols";"Bisphenols";"Exposure marker";"Bisphenols";
"Bisphenols";1005;"nl";"Bisphenols";"Bisphenols";"Exposure marker";"Bisphenols";
"Blood and blood composition";2007;"nl";"Blood and blood composition";"This category contains all measurements of vitamins in human biological material.";"Effect marker";"Blood and blood composition";
"Blood and blood composition";2007;"en";"Blood and blood composition";"This category contains all measurements of vitamins in human biological material.";"Effect marker";"Blood and blood composition";
"Blood Lipids and lipid transport proteins";2006;"nl";"Blood Lipids and lipid transport proteins";"This category contains all measurements of blood lipids and lipid transport proteins in blood.";"Effect marker";"Blood Lipids and lipid transport proteins";
"Blood Lipids and lipid transport proteins";2006;"en";"Blood Lipids and lipid transport proteins";"This category contains all measurements of blood lipids and lipid transport proteins in blood.";"Effect marker";"Blood Lipids and lipid transport proteins";
"Building characteristics";21;"en";"Building characteristics";"This category contains all info on the outer shell of the house like materials used, renovations done,etc. All things that are not changing even if the house would be sold and new owners come in. It also contains the info if it is an appartment or a house, whether it contains lead tubes, etc.";"Residence";"Housing";"Building characteristics"
"Building characteristics";21;"nl";"Building characteristics";"This category contains all info on the outer shell of the house like materials used, renovations done,etc. All things that are not changing even if the house would be sold and new owners come in. It also contains the info if it is an appartment or a house, whether it contains lead tubes, etc.";"Residence";"Housing";"Building characteristics"
"Cardiometabolic health and metabolic diseases";420;"nl";"Cardiometabolic health and metabolic diseases";"This category contains all measured health outcome in the group of cardiometabolic parameters (height, weight and BMI, blood pressure) but not metabolic hormones and questions on cardiovascular health and metabolic health.";"Health outcome";"Cardiometabolic parameters";
"Cardiometabolic health and metabolic diseases";420;"en";"Cardiometabolic health and metabolic diseases";"This category contains all measured health outcome in the group of cardiometabolic parameters (height, weight and BMI, blood pressure) but not metabolic hormones and questions on cardiovascular health and metabolic health.";"Health outcome";"Cardiometabolic parameters";
"Care products";10003;"en";"Care products";"Care products";"Exposure marker";"Care products";
"Care products";10003;"nl";"Care products";"Care products";"Exposure marker";"Care products";
"Cell ageing";2016;"nl";"Cell ageing";"This category contains all measurements related to cell aging in human biological material.";"Effect marker";"Cell ageing";
"Cell ageing";2016;"en";"Cell ageing";"This category contains all measurements related to cell aging in human biological material.";"Effect marker";"Cell ageing";
"Cell growth and cancer markers";2015;"nl";"Cell growth and cancer markers";"This category contains all measurements of cell growth and cancermarkers in human biological material.";"Effect marker";"Cell growth and cancer markers";
"Cell growth and cancer markers";2015;"en";"Cell growth and cancer markers";"This category contains all measurements of cell growth and cancermarkers in human biological material.";"Effect marker";"Cell growth and cancer markers";
"Characteristics of non human samples";1e+05;"en";"Characteristics of non human samples";"The sampletypes in which we measure can also have properties that are not directly markers, but are measured in the lab. This can be ph of soil, and other characteristics that need to be kept in the database";"Sample information";"Characteristics of non human samples";
"Characteristics of non human samples";1e+05;"nl";"Characteristics of non human samples";"The sampletypes in which we measure can also have properties that are not directly markers, but are measured in the lab. This can be ph of soil, and other characteristics that need to be kept in the database";"Sample information";"Characteristics of non human samples";
"Chicken";32;"nl";"Chicken";"This category contains all questions related to chicken. It can be about the size of the chicken run, how much of it is grass or soil, on what the chickens eat, on the age of the chickens, etc.";"Residence";"Animals";"Chicken"
"Chicken";32;"en";"Chicken";"This category contains all questions related to chicken. It can be about the size of the chicken run, how much of it is grass or soil, on what the chickens eat, on the age of the chickens, etc.";"Residence";"Animals";"Chicken"
"Child at birth";600;"nl";"Child at birth";"This category contains all birth questions that relate to a specific child that is also part of the study. For example, all questions from the \"kindfiche\" that are not measurements about the child will belong to this category (except for measurements that will belong to clinical data   Health outcome).";"Child development";"Child at birth";
"Child at birth";600;"en";"Child at birth";"This category contains all birth questions that relate to a specific child that is also part of the study. For example, all questions from the \"kindfiche\" that are not measurements about the child will belong to this category (except for measurements that will belong to clinical data   Health outcome).";"Child development";"Child at birth";
"Child CLB data";609;"nl";"Child CLB data";"This category contains all questions related to puberty that are questioned by CLB";"Child development";"Puberty";"CLB data"
"Child CLB data";609;"en";"Child CLB data";"This category contains all questions related to puberty that are questioned by CLB";"Child development";"Puberty";"CLB data"
"Child exposure";61;"en";"Child exposure";"This category contains questions such as: does the child go to before and after school care or to the grandparents? Does the child frequent a swimming pool?";"Personal exposure";"During childhood";
"Child exposure";61;"nl";"Child exposure";"This category contains questions such as: does the child go to before and after school care or to the grandparents? Does the child frequent a swimming pool?";"Personal exposure";"During childhood";
"Child puberty";608;"en";"Child puberty";"This category contains all questions on puberty that are not related to CLB data. Note that menstration is also a separate category";"Child development";"Puberty";
"Child puberty";608;"nl";"Child puberty";"This category contains all questions on puberty that are not related to CLB data. Note that menstration is also a separate category";"Child development";"Puberty";
"Commuting";51;"nl";"Commuting";"This category contains all questions related to the means of transport during commuting (to work or school) and the time spent on commuting";"Personal behavior";"General physical activity";"Commuting"
"Commuting";51;"en";"Commuting";"This category contains all questions related to the means of transport during commuting (to work or school) and the time spent on commuting";"Personal behavior";"General physical activity";"Commuting"
"Contact information";3;"en";"Contact information";"This category contains all kinds of info that can be used in order to contact participants: name, telephone numbers, email. Due to GDPR reasons, only the questions will be available in the database. Note that current and previous addresses and geo information are contained in the category region (if available due to GDPR)";"Personal information";"Contact information";
"Contact information";3;"nl";"Contact information";"This category contains all kinds of info that can be used in order to contact participants: name, telephone numbers, email. Due to GDPR reasons, only the questions will be available in the database. Note that current and previous addresses and geo information are contained in the category region (if available due to GDPR)";"Personal information";"Contact information";
"Cytokines";2018;"en";"Cytokines";"This category contains all measurements related to cytokines";"Effect marker";"Cytokines";
"Cytokines";2018;"nl";"Cytokines";"This category contains all measurements related to cytokines";"Effect marker";"Cytokines";
"Diisocyanates";1011;"en";"Diisocyanates";"Diisocyanates";"Exposure marker";"Diisocyanates";
"Diisocyanates";1011;"nl";"Diisocyanates";"Diisocyanates";"Exposure marker";"Diisocyanates";
"DINCH";1002;"nl";"DINCH";"DINCH";"Exposure marker";"DINCH";
"DINCH";1002;"en";"DINCH";"DINCH";"Exposure marker";"DINCH";
"Dioxins";3002;"en";"Dioxins";"Dioxins";"Exposure marker";"Dioxins";
"Dioxins";3002;"nl";"Dioxins";"Dioxins";"Exposure marker";"Dioxins";
"Domestic animals";31;"en";"Domestic animals";"This category contains all questions related to domestic animals like cats and dogs and other animals (even farm animals in house or garden). Note that we have a special category for chickens as they are very much questionned";"Residence";"Animals";"Domestic animals"
"Domestic animals";31;"nl";"Domestic animals";"This category contains all questions related to domestic animals like cats and dogs and other animals (even farm animals in house or garden). Note that we have a special category for chickens as they are very much questionned";"Residence";"Animals";"Domestic animals"
"Early life exposure";60;"en";"Early life exposure";"This category contains questions such as: does the child go to daycare, to the creche, or to the grandparents? Does the child frequent a swimming pool?";"Personal exposure";"Early life exposure";
"Early life exposure";60;"nl";"Early life exposure";"This category contains questions such as: does the child go to daycare, to the creche, or to the grandparents? Does the child frequent a swimming pool?";"Personal exposure";"Early life exposure";
"Education and degree";12;"en";"Education and degree";"This category contains eductional info (current or in the past) and degree of education";"Socio-economic status";"Education and degree";
"Education and degree";12;"nl";"Education and degree";"This category contains eductional info (current or in the past) and degree of education";"Socio-economic status";"Education and degree";
"Environmental exposure due to agriculture";203;"en";"Environmental exposure due to agriculture";"This category contains information on yellow area : agriculture";"Environmental exposure";"Agriculture";
"Environmental exposure due to agriculture";203;"nl";"Environmental exposure due to agriculture";"This category contains information on yellow area : agriculture";"Environmental exposure";"Agriculture";
"Environmental exposure due to air pollution, noise pollution, odor nuisance";206;"en";"Environmental exposure due to air pollution, noise pollution, odor nuisance";"This category contains information on environmental exposure due to air pollution, noise pollution, odor nuisance. But not related to traffic since that has its own category";"Environmental exposure";"Air pollution, noise pollution, odor nuisance";
"Environmental exposure due to air pollution, noise pollution, odor nuisance";206;"nl";"Environmental exposure due to air pollution, noise pollution, odor nuisance";"This category contains information on environmental exposure due to air pollution, noise pollution, odor nuisance. But not related to traffic since that has its own category";"Environmental exposure";"Air pollution, noise pollution, odor nuisance";
"Environmental exposure due to build environment";205;"nl";"Environmental exposure due to build environment";"This category contains exposure info on grey area : build environment. This contains for example the density of buildings (lintbebouwing, kernbebouwing)";"Environmental exposure";"Build environment";
"Environmental exposure due to build environment";205;"en";"Environmental exposure due to build environment";"This category contains exposure info on grey area : build environment. This contains for example the density of buildings (lintbebouwing, kernbebouwing)";"Environmental exposure";"Build environment";
"Environmental exposure due to climate and changing climate";208;"nl";"Environmental exposure due to climate and changing climate";"This category contains climate and weather data. For the moment, it is the Temperature, sunflux from KMI, pollen data van Sciensano";"Environmental exposure";"Climate related data";
"Environmental exposure due to climate and changing climate";208;"en";"Environmental exposure due to climate and changing climate";"This category contains climate and weather data. For the moment, it is the Temperature, sunflux from KMI, pollen data van Sciensano";"Environmental exposure";"Climate related data";
"Environmental exposure due to green area";207;"en";"Environmental exposure due to green area";"This category contains information on exposure to green area";"Environmental exposure";"Green area";
"Environmental exposure due to green area";207;"nl";"Environmental exposure due to green area";"This category contains information on exposure to green area";"Environmental exposure";"Green area";
"Environmental exposure due to industry";204;"nl";"Environmental exposure due to industry";"This category contains exposure info on grey area : industry";"Environmental exposure";"Industry";
"Environmental exposure due to industry";204;"en";"Environmental exposure due to industry";"This category contains exposure info on grey area : industry";"Environmental exposure";"Industry";
"Environmental exposure due to traffic and combustion";202;"en";"Environmental exposure due to traffic and combustion";"This category contains information on environmental exposure due to traffic in special. Exposure to traffic, busy roads, traffic lights, NO2, PM, BC, ozon concentrations concentrations. benzinestation (zowel vragen in vragenlijst van bvb hoever woon je van een drukke weg of een benzinestation als metingen die we extern verkregen hebben). In 3xG there is a indoor questionnaire that asks questions on effects on indoor air quality related to big traffic roads or fuel stations in the neighbourhood. This will also be categorised here.";"Environmental exposure";"Traffic and combustion";
"Environmental exposure due to traffic and combustion";202;"nl";"Environmental exposure due to traffic and combustion";"This category contains information on environmental exposure due to traffic in special. Exposure to traffic, busy roads, traffic lights, NO2, PM, BC, ozon concentrations concentrations. benzinestation (zowel vragen in vragenlijst van bvb hoever woon je van een drukke weg of een benzinestation als metingen die we extern verkregen hebben). In 3xG there is a indoor questionnaire that asks questions on effects on indoor air quality related to big traffic roads or fuel stations in the neighbourhood. This will also be categorised here.";"Environmental exposure";"Traffic and combustion";
"Environmental indoor exposure";201;"nl";"Environmental indoor exposure";"??????Residence";"Environmental exposure";"Indoor environment";
"Environmental indoor exposure";201;"en";"Environmental indoor exposure";"??????Residence";"Environmental exposure";"Indoor environment";
"Epigenetic markers";2019;"en";"Epigenetic markers";"This category contains all measurements related to epigenetic markers";"Effect marker";"Epigenetic markers";
"Epigenetic markers";2019;"nl";"Epigenetic markers";"This category contains all measurements related to epigenetic markers";"Effect marker";"Epigenetic markers";
"Essential elements";2002;"nl";"Essential elements";"This category contains all measurements of essential elements  in human biological material.";"Effect marker";"Essential elements";
"Essential elements";2002;"en";"Essential elements";"This category contains all measurements of essential elements  in human biological material.";"Effect marker";"Essential elements";
"Exposure during pregnancy";59;"nl";"Exposure during pregnancy";"This category contains questions such as: Did your mother smoke during pregnancy. Also age of the mother at birth???";"Personal exposure";"During pregnancy";
"Exposure during pregnancy";59;"en";"Exposure during pregnancy";"This category contains questions such as: Did your mother smoke during pregnancy. Also age of the mother at birth???";"Personal exposure";"During pregnancy";
"Family composition";11;"en";"Family composition";"This category contains the marital status and family composition: How many family members are there, how many live in the house, how many children";"Socio-economic status";"Family composition";
"Family composition";11;"nl";"Family composition";"This category contains the marital status and family composition: How many family members are there, how many live in the house, how many children";"Socio-economic status";"Family composition";
"Family history of disease";458;"nl";"Family history of disease";"This category contains all questions about family history of disease";"Health data";"Physical health";"Family history of disease"
"Family history of disease";458;"en";"Family history of disease";"This category contains all questions about family history of disease";"Health data";"Physical health";"Family history of disease"
"Fertility";502;"nl";"Fertility";"This category contains all questions related to fertility, incl. infertility treatments, time to pregnancy";"Health data";"Reproductive health";"Fertility"
"Fertility";502;"en";"Fertility";"This category contains all questions related to fertility, incl. infertility treatments, time to pregnancy";"Health data";"Reproductive health";"Fertility"
"Flame retardants";1004;"en";"Flame retardants";"Flame retardants";"Exposure marker";"Flame retardants";
"Flame retardants";1004;"nl";"Flame retardants";"Flame retardants";"Exposure marker";"Flame retardants";
"Food supplements";46;"en";"Food supplements";"This category contains food supplements (and thus no medication). This can by iron, folic acid vitamin D, etc.";"Nutricion and diet";"Food supplements";
"Food supplements";46;"nl";"Food supplements";"This category contains food supplements (and thus no medication). This can by iron, folic acid vitamin D, etc.";"Nutricion and diet";"Food supplements";
"Food supplements during pregnancy";472;"nl";"Food supplements during pregnancy";"This category contains info on food supplements during pregnancy";"Health data";"Physical health";"Food supplements during pregnancy"
"Food supplements during pregnancy";472;"en";"Food supplements during pregnancy";"This category contains info on food supplements during pregnancy";"Health data";"Physical health";"Food supplements during pregnancy"
"Furans";3000;"nl";"Furans";"Furans";"Exposure marker";"Furans";
"Furans";3000;"en";"Furans";"Furans";"Exposure marker";"Furans";
"General child behavior";601;"nl";"General child behavior";"This category contains all questions on general child behaviour. Things like is your child often angry, sad, happy, mean, does he take into account feelings of others, etc.";"Child development";"General child behavior";
"General child behavior";601;"en";"General child behavior";"This category contains all questions on general child behaviour. Things like is your child often angry, sad, happy, mean, does he take into account feelings of others, etc.";"Child development";"General child behavior";
"Hair care";57;"en";"Hair care";"This category contains all questions related to hair care: how often you wash your hair, what products you use,etc.";"Personal exposure";"Personal care and hygiene";"Hair care"
"General food consumption";40;"nl";"General food consumption";"This category contains all questions on general food consumption like basic diet (vegetarian, gluten free,etc.) but also like if you use fresh butter or margarine or nothing on your bread. This category contains the \"facts\", not the \"feelings or perceptions on food\". That is another category! Note that questions on general food frequency are also contained in a separate category";"Nutricion and diet";"General food";"Consumption"
"General food consumption";40;"en";"General food consumption";"This category contains all questions on general food consumption like basic diet (vegetarian, gluten free,etc.) but also like if you use fresh butter or margarine or nothing on your bread. This category contains the \"facts\", not the \"feelings or perceptions on food\". That is another category! Note that questions on general food frequency are also contained in a separate category";"Nutricion and diet";"General food";"Consumption"
"General food frequency";41;"en";"General food frequency";"This category contains questions that indicate how much somebody eats certain general foods. An example is \"how often do you eat fish\". We might still decide in future to split them up in fruit & veggies, meat & fish?";"Nutricion and diet";"General food";"Frequency"
"General food frequency";41;"nl";"General food frequency";"This category contains questions that indicate how much somebody eats certain general foods. An example is \"how often do you eat fish\". We might still decide in future to split them up in fruit & veggies, meat & fish?";"Nutricion and diet";"General food";"Frequency"
"General indoor environment";24;"nl";"General indoor environment";"This category contains all indoor housing characteristics that can be relatively easy adapted. It includes carpets (new or old), curtains, painting, how many electronical devices,.. It also includes behaviour like cooking,candle burning, etc. Note that it also contains the use of aromatic sprays or pesticides inside the house. Note that cleaning information and ventilation is kept as seperate categories. productgebruik dat aan de woning gebonden is en niet persoonsgebonden";"Residence";"Indoor environment";
"General indoor environment";24;"en";"General indoor environment";"This category contains all indoor housing characteristics that can be relatively easy adapted. It includes carpets (new or old), curtains, painting, how many electronical devices,.. It also includes behaviour like cooking,candle burning, etc. Note that it also contains the use of aromatic sprays or pesticides inside the house. Note that cleaning information and ventilation is kept as seperate categories. productgebruik dat aan de woning gebonden is en niet persoonsgebonden";"Residence";"Indoor environment";
"General medication and vaccination";455;"en";"General medication and vaccination";"This category contains all questions related to medication and vaccination. Note that questions on medication for the specific diseases are put in the specific category of the disease";"Health data";"Physical health";"General medication and vaccination"
"General medication and vaccination";455;"nl";"General medication and vaccination";"This category contains all questions related to medication and vaccination. Note that questions on medication for the specific diseases are put in the specific category of the disease";"Health data";"Physical health";"General medication and vaccination"
"General mental health";480;"en";"General mental health";"This category contains questions on mental health oa feeling score, vitality score. It answers the question \"how do you feel\". You can feel exhausted, or full of energy. For children we have a separate category \"general child behaviour\" that answers the question \"how do you behave\" in certain situations.";"Health data";"Mental health";"General mental health"
"General mental health";480;"nl";"General mental health";"This category contains questions on mental health oa feeling score, vitality score. It answers the question \"how do you feel\". You can feel exhausted, or full of energy. For children we have a separate category \"general child behaviour\" that answers the question \"how do you behave\" in certain situations.";"Health data";"Mental health";"General mental health"
"General perception on exposure";298;"nl";"General perception on exposure";"This category contains questions on general environmental exposure that cannot be put in one of the other categories";"Perception on exposure";"General perception on exposure";
"General perception on exposure";298;"en";"General perception on exposure";"This category contains questions on general environmental exposure that cannot be put in one of the other categories";"Perception on exposure";"General perception on exposure";
"General physical activity";50;"nl";"General physical activity";"This category contains all questions on walking, working in the garden, playing (for children), playing with children, sports and hobbies, etc. Screen time is here also!";"Personal behavior";"General physical activity";
"General physical activity";50;"en";"General physical activity";"This category contains all questions on walking, working in the garden, playing (for children), playing with children, sports and hobbies, etc. Screen time is here also!";"Personal behavior";"General physical activity";
"General physical health";450;"nl";"General physical health";"This category contains all questions on general health like sore throat, headaches, migraine, hearing and tinnitus, recollection and memory, respiratory symptoms, etc, that are not as specifically and detailed questioned so that they have their own category";"Health data";"Physical health";"General"
"General physical health";450;"en";"General physical health";"This category contains all questions on general health like sore throat, headaches, migraine, hearing and tinnitus, recollection and memory, respiratory symptoms, etc, that are not as specifically and detailed questioned so that they have their own category";"Health data";"Physical health";"General"
"General sample information";801;"en";"General sample information";"This category contains all data relevant to the sampling and quality of sampling, like the sampling date, that are not specific to one type of sample or that are not of the specific types that have their own sub-category";"Questionnaire and sample information";"Sample information";
"General sample information";801;"nl";"General sample information";"This category contains all data relevant to the sampling and quality of sampling, like the sampling date, that are not specific to one type of sample or that are not of the specific types that have their own sub-category";"Questionnaire and sample information";"Sample information";
"Genotoxicity";2013;"en";"Genotoxicity";"This category contains all measurements of genotoxicity in human biological material. Eg comet assy, micronucleus, telomer length, mitochondriaal DNA";"Effect marker";"Genotoxicity";
"Genotoxicity";2013;"nl";"Genotoxicity";"This category contains all measurements of genotoxicity in human biological material. Eg comet assy, micronucleus, telomer length, mitochondriaal DNA";"Effect marker";"Genotoxicity";
"Glycol ethers";3003;"nl";"Glycol ethers";"Glycol ethers";"Exposure marker";"Glycol ethers";
"Glycol ethers";3003;"en";"Glycol ethers";"Glycol ethers";"Exposure marker";"Glycol ethers";
"Ground and well water";30;"en";"Ground and well water";"This category contains all questions on ground and well water and the use of this water  ook consumptie?";"Residence";"Outdoor environment";"Ground and well water"
"Ground and well water";30;"nl";"Ground and well water";"This category contains all questions on ground and well water and the use of this water  ook consumptie?";"Residence";"Outdoor environment";"Ground and well water"
"Hair care";57;"nl";"Hair care";"This category contains all questions related to hair care: how often you wash your hair, what products you use,etc.";"Personal exposure";"Personal care and hygiene";"Hair care"
"Halogens";1022;"en";"Halogens";"Halogens";"Exposure marker";"Halogens";
"Halogens";1022;"nl";"Halogens";"Halogens";"Exposure marker";"Halogens";
"Herbicides";3001;"en";"Herbicides";"Herbicides";"Exposure marker";"Herbicides";
"Herbicides";3001;"nl";"Herbicides";"Herbicides";"Exposure marker";"Herbicides";
"Hexamoll DINCH";1016;"nl";"Hexamoll DINCH";"Hexamoll DINCH";"Exposure marker";"Hexamoll DINCH";
"Hexamoll DINCH";1016;"en";"Hexamoll DINCH";"Hexamoll DINCH";"Exposure marker";"Hexamoll DINCH";
"Historical and prevalent chronic diseases or conditions";457;"nl";"Historical and prevalent chronic diseases or conditions";"This category contains questions on historical and prevalent chronic diseases or conditions";"Health data";"Physical health";"Historical and prevalent chronic diseases or conditions"
"Historical and prevalent chronic diseases or conditions";457;"en";"Historical and prevalent chronic diseases or conditions";"This category contains questions on historical and prevalent chronic diseases or conditions";"Health data";"Physical health";"Historical and prevalent chronic diseases or conditions"
"Hormone use";501;"nl";"Hormone use";"This category contains all questions on hormone use, incl. oral contraceptives, hormone replacement therapy";"Health data";"Reproductive health";"Hormone use"
"Hormone use";501;"en";"Hormone use";"This category contains all questions on hormone use, incl. oral contraceptives, hormone replacement therapy";"Health data";"Reproductive health";"Hormone use"
"Housing problems";23;"nl";"Housing problems";"This category contains all kinds of questions related to problems that can occur in the house: water leaks, moisture, mold, rot, condensation on windows, if there is a draft entering the house, if there has been a fire,....";"Residence";"Housing";"Problems"
"Housing problems";23;"en";"Housing problems";"This category contains all kinds of questions related to problems that can occur in the house: water leaks, moisture, mold, rot, condensation on windows, if there is a draft entering the house, if there has been a fire,....";"Residence";"Housing";"Problems"
"Indoor cleaning habits and products";26;"en";"Indoor cleaning habits and products";"This category contains all questions related to cleaning habits and cleaning products (often questioned is the use of javel). It also contains questions like \"Do you also mop the floor with water after vacuuming?\"";"Residence";"Indoor environment";"Cleaning habits and products"
"Indoor cleaning habits and products";26;"nl";"Indoor cleaning habits and products";"This category contains all questions related to cleaning habits and cleaning products (often questioned is the use of javel). It also contains questions like \"Do you also mop the floor with water after vacuuming?\"";"Residence";"Indoor environment";"Cleaning habits and products"
"Indoor Energy, combustion behaviour and engines";27;"en";"Indoor Energy, combustion behaviour and engines";"This category contains everything linked to EPC level of house, heating the house, combustion behaviour, etc. It also contains questions like parked cars in areas linked to the house.";"Residence";"Indoor environment";"Energy, combustion behaviour and engines"
"Indoor Energy, combustion behaviour and engines";27;"nl";"Indoor Energy, combustion behaviour and engines";"This category contains everything linked to EPC level of house, heating the house, combustion behaviour, etc. It also contains questions like parked cars in areas linked to the house.";"Residence";"Indoor environment";"Energy, combustion behaviour and engines"
"Indoor ventilation";25;"en";"Indoor ventilation";"Identiek aan' Housing - Ventilation systems' ???";"Residence";"Indoor environment";"Ventilation"
"Indoor ventilation";25;"nl";"Indoor ventilation";"Identiek aan' Housing - Ventilation systems' ???";"Residence";"Indoor environment";"Ventilation"
"Inflammation and immunity";422;"en";"Inflammation and immunity";"This category contains all measured inflammation and immune parameters (eNO, lungcapacity, FOT, EBC, cytokinesetc.) and contains questions on inflammation";"Effect marker";"Inflammation and immune parameters";
"Inflammation and immunity";422;"nl";"Inflammation and immunity";"This category contains all measured inflammation and immune parameters (eNO, lungcapacity, FOT, EBC, cytokinesetc.) and contains questions on inflammation";"Effect marker";"Inflammation and immune parameters";
"Injury, hospitalisation and surgery";456;"en";"Injury, hospitalisation and surgery";"This category contains all questions on hospitalisations, surgery, injury, etc.";"Health data";"Physical health";"Injury, hospitalisation and surgury"
"Injury, hospitalisation and surgery";456;"nl";"Injury, hospitalisation and surgery";"This category contains all questions on hospitalisations, surgery, injury, etc.";"Health data";"Physical health";"Injury, hospitalisation and surgury"
"Kidney function";2008;"en";"Kidney function";"This category contains all measurements of MOLECULAR AND CLINICAL kidney functions in human biological material.";"Effect marker";"Kidney function";
"Kidney function";2008;"nl";"Kidney function";"This category contains all measurements of MOLECULAR AND CLINICAL kidney functions in human biological material.";"Effect marker";"Kidney function";
"Kindfiche";423;"en";"Kindfiche";"This category contains all measured health outcome at birth (from the kindfiche)";"Health outcome";"Examination at birth";
"Kindfiche";423;"nl";"Kindfiche";"This category contains all measured health outcome at birth (from the kindfiche)";"Health outcome";"Examination at birth";
"Kitchen garden";29;"nl";"Kitchen garden";"This category contains all questions related to kitchen garden. It can include compost or pesticides if it is used in the kitchengarden. At 3xG we also ask to persons that eat vegetables from their own kitchen garden if they ever asked a company to analyse a soil sample. Note that we have a special category for  consumption of vegetables from their own kitchen garden  (Nution and Diet-local food),";"Residence";"Outdoor environment";"Kitchen garden"
"Kitchen garden";29;"en";"Kitchen garden";"This category contains all questions related to kitchen garden. It can include compost or pesticides if it is used in the kitchengarden. At 3xG we also ask to persons that eat vegetables from their own kitchen garden if they ever asked a company to analyse a soil sample. Note that we have a special category for  consumption of vegetables from their own kitchen garden  (Nution and Diet-local food),";"Residence";"Outdoor environment";"Kitchen garden"
"Lab markers for cardiometabolic health and metabolic diseases";421;"en";"Lab markers for cardiometabolic health and metabolic diseases";"This category contains all measured health outcome in the group of cardiometabolic parameters (height, weight and BMI, blood pressure) but not metabolic hormones and questions on cardiovascular health and metabolic health.";"Effect marker";"Cardiometabolic parameters";
"Lab markers for cardiometabolic health and metabolic diseases";421;"nl";"Lab markers for cardiometabolic health and metabolic diseases";"This category contains all measured health outcome in the group of cardiometabolic parameters (height, weight and BMI, blood pressure) but not metabolic hormones and questions on cardiovascular health and metabolic health.";"Effect marker";"Cardiometabolic parameters";
"Liver function";2003;"en";"Liver function";"This category contains all measurements of liver function";"Effect marker";"Liver function";
"Liver function";2003;"nl";"Liver function";"This category contains all measurements of liver function";"Effect marker";"Liver function";
"Local and/or own chicken eggs";44;"nl";"Local and/or own chicken eggs";"This category contains all questions on egg consumption from local and/or own chicken. It can also contain comparison of how many of the eggs you eat are from own kitchen garden";"Nutricion and diet";"Local food";"Chicken eggs"
"Local and/or own chicken eggs";44;"en";"Local and/or own chicken eggs";"This category contains all questions on egg consumption from local and/or own chicken. It can also contain comparison of how many of the eggs you eat are from own kitchen garden";"Nutricion and diet";"Local food";"Chicken eggs"
"Local and/or own food consumption and frequency";42;"en";"Local and/or own food consumption and frequency";"This category contains all questions on local food consumption and frequency of local food consumption. If the local food is bio, then it will also be categorised in local food. If questions are posed combined for local and own kitchen garden food, then we also categorise it under local food. Questions like \"How often do you eat caught fish\" also belong here. Whenever a question is asked about pesticides used on local food, then this question is categorised here (also categorised in local food)
ook consumptie van eigen putwater?";"Nutricion and diet";"Local food";
"Local and/or own food consumption and frequency";42;"nl";"Local and/or own food consumption and frequency";"This category contains all questions on local food consumption and frequency of local food consumption. If the local food is bio, then it will also be categorised in local food. If questions are posed combined for local and own kitchen garden food, then we also categorise it under local food. Questions like \"How often do you eat caught fish\" also belong here. Whenever a question is asked about pesticides used on local food, then this question is categorised here (also categorised in local food)
ook consumptie van eigen putwater?";"Nutricion and diet";"Local food";
"Local and/or own kitchen garden food";43;"nl";"Local and/or own kitchen garden food";"This category contains all questions on own grown food consumption. Note that the properties of the kitchen garden do have their own category";"Nutricion and diet";"Local food";"Own kitchen garden food"
"Local and/or own kitchen garden food";43;"en";"Local and/or own kitchen garden food";"This category contains all questions on own grown food consumption. Note that the properties of the kitchen garden do have their own category";"Nutricion and diet";"Local food";"Own kitchen garden food"
"Medication during pregnancy";471;"en";"Medication during pregnancy";"This category contains info on medication during pregnancy";"Health data";"Physical health";"Medication during pregnancy"
"Medication during pregnancy";471;"nl";"Medication during pregnancy";"This category contains info on medication during pregnancy";"Health data";"Physical health";"Medication during pregnancy"
"Menstruation";500;"en";"Menstruation";"This category contains all general questions related to menstruation";"Health data";"Reproductive health";"Menstruation"
"Menstruation";500;"nl";"Menstruation";"This category contains all general questions related to menstruation";"Health data";"Reproductive health";"Menstruation"
"Metabolic hormones";2011;"nl";"Metabolic hormones";"This category contains all measurements of metabolic hormones in human biological material.";"Effect marker";"Metabolic hormones";
"Metabolic hormones";2011;"en";"Metabolic hormones";"This category contains all measurements of metabolic hormones in human biological material.";"Effect marker";"Metabolic hormones";
"Metals";1013;"en";"Metals";"Metals";"Exposure marker";"Metals";
"Metals";1013;"nl";"Metals";"Metals";"Exposure marker";"Metals";
"Musks";1018;"nl";"Musks";"Musks";"Exposure marker";"Musks";
"Musks";1018;"en";"Musks";"Musks";"Exposure marker";"Musks";
"Mycotoxins";10001;"en";"Mycotoxins";"Mycotoxins";"Exposure marker";"Mycotoxins";
"Mycotoxins";10001;"nl";"Mycotoxins";"Mycotoxins";"Exposure marker";"Mycotoxins";
"Nail care";58;"nl";"Nail care";"This category contains all questions related to nail care";"Personal exposure";"Personal care and hygiene";"Nail care"
"Nail care";58;"en";"Nail care";"This category contains all questions related to nail care";"Personal exposure";"Personal care and hygiene";"Nail care"
"Nationality, origin and language";10;"nl";"Nationality, origin and language";"This category contains all info related to country of birth, nationality and language";"Socio-economic status";"Nationality, origin and language";
"Nationality, origin and language";10;"en";"Nationality, origin and language";"This category contains all info related to country of birth, nationality and language";"Socio-economic status";"Nationality, origin and language";
"Neuro child communication";603;"en";"Neuro child communication";"This category was created for 3xG because neuro was questionned in such a detail that we want to group the questions. This is the first out of 5 categories used during 3xG for child development";"Child development";"Neuro development";"Communication"
"Neuro child communication";603;"nl";"Neuro child communication";"This category was created for 3xG because neuro was questionned in such a detail that we want to group the questions. This is the first out of 5 categories used during 3xG for child development";"Child development";"Neuro development";"Communication"
"Neuro child fine motor skills";605;"nl";"Neuro child fine motor skills";"This category was created for 3xG because neuro was questionned in such a detail that we want to group the questions.  This is the third out of 5 categories used during 3xG for child development";"Child development";"Neuro development";"Fine motor skills"
"Neuro child fine motor skills";605;"en";"Neuro child fine motor skills";"This category was created for 3xG because neuro was questionned in such a detail that we want to group the questions.  This is the third out of 5 categories used during 3xG for child development";"Child development";"Neuro development";"Fine motor skills"
"Neuro child general";602;"en";"Neuro child general";"This category was created for 3xG because neuro was questionned in such a detail that we want to group the questions. For the moment we have here 3xG 6M questions related to what your child can do";"Child development";"Neuro development";
"Neuro child general";602;"nl";"Neuro child general";"This category was created for 3xG because neuro was questionned in such a detail that we want to group the questions. For the moment we have here 3xG 6M questions related to what your child can do";"Child development";"Neuro development";
"Neuro child gross motor skills";604;"en";"Neuro child gross motor skills";"This category was created for 3xG because neuro was questionned in such a detail that we want to group the questions. This is the second out of 5 categories used during 3xG for child development";"Child development";"Neuro development";"Gross motor skills"
"Neuro child gross motor skills";604;"nl";"Neuro child gross motor skills";"This category was created for 3xG because neuro was questionned in such a detail that we want to group the questions. This is the second out of 5 categories used during 3xG for child development";"Child development";"Neuro development";"Gross motor skills"
"Neuro child personal-social";607;"en";"Neuro child personal-social";"This category was created for 3xG because neuro was questionned in such a detail that we want to group the questions.  This is the fifth out of 5 categories used during 3xG for child development";"Child development";"Neuro development";"Personal-social"
"Neuro child personal-social";607;"nl";"Neuro child personal-social";"This category was created for 3xG because neuro was questionned in such a detail that we want to group the questions.  This is the fifth out of 5 categories used during 3xG for child development";"Child development";"Neuro development";"Personal-social"
"Neuro child problem solving";606;"nl";"Neuro child problem solving";"This category was created for 3xG because neuro was questionned in such a detail that we want to group the questions.  This is the fourth out of 5 categories used during 3xG for child development";"Child development";"Neuro development";"Problem solving"
"Neuro child problem solving";606;"en";"Neuro child problem solving";"This category was created for 3xG because neuro was questionned in such a detail that we want to group the questions.  This is the fourth out of 5 categories used during 3xG for child development";"Child development";"Neuro development";"Problem solving"
"Neuro Computer tests";491;"en";"Neuro Computer tests";"This category contains all computer test to asses neurocognition eg Stroop, This category includes all age classes,";"Health data";"Neuro-cognition";"Computer tests"
"Neuro Computer tests";491;"nl";"Neuro Computer tests";"This category contains all computer test to asses neurocognition eg Stroop, This category includes all age classes,";"Health data";"Neuro-cognition";"Computer tests"
"Neuro general";490;"nl";"Neuro general";"This category contains all questions related to problems with neuro-cognition";"Health data";"Neuro-cognition";"General"
"Neuro general";490;"en";"Neuro general";"This category contains all questions related to problems with neuro-cognition";"Health data";"Neuro-cognition";"General"
"Nicotine";2017;"en";"Nicotine";"This category contains all measurements related to nicotine";"Effect marker";"Nicotine";
"Nicotine";2017;"nl";"Nicotine";"This category contains all measurements related to nicotine";"Effect marker";"Nicotine";
"Occupation and income";13;"nl";"Occupation and income";"This category contains all variables related to occupation and income";"Socio-economic status";"Occupation and income";
"Occupation and income";13;"en";"Occupation and income";"This category contains all variables related to occupation and income";"Socio-economic status";"Occupation and income";
"Occupational exposure";64;"nl";"Occupational exposure";"This category is there for questions that are related only to occupational exposure. Whenever it is asked for professional but also personal or hobby, then it will be categorized in the personal exposure to products categories. Current occupation is also categorised in occupational exposure";"Personal exposure";"Occupational exposure";
"Occupational exposure";64;"en";"Occupational exposure";"This category is there for questions that are related only to occupational exposure. Whenever it is asked for professional but also personal or hobby, then it will be categorized in the personal exposure to products categories. Current occupation is also categorised in occupational exposure";"Personal exposure";"Occupational exposure";
"Outdoor general";28;"nl";"Outdoor general";"This category contains all questions related to terrace and garden (but not related to kitchen garden or chicken run because they have their own category). This category can also include questions on compost if it is not specific for a kitchen garden. It also includes questions on the use of pesticides (again if it is not used in the kitchengarden)";"Residence";"Outdoor environment";"General"
"Outdoor general";28;"en";"Outdoor general";"This category contains all questions related to terrace and garden (but not related to kitchen garden or chicken run because they have their own category). This category can also include questions on compost if it is not specific for a kitchen garden. It also includes questions on the use of pesticides (again if it is not used in the kitchengarden)";"Residence";"Outdoor environment";"General"
"Parabens";1017;"en";"Parabens";"Parabens";"Exposure marker";"Parabens";
"Parabens";1017;"nl";"Parabens";"Parabens";"Exposure marker";"Parabens";
"Passive smoking";62;"en";"Passive smoking";"This category contains all questions related to passive smoking or being in rooms/cars where other people smoke";"Personal exposure";"Personal exposure to smoking";"Passive smoking"
"Passive smoking";62;"nl";"Passive smoking";"This category contains all questions related to passive smoking or being in rooms/cars where other people smoke";"Personal exposure";"Personal exposure to smoking";"Passive smoking"
"Per-/poly-fluorinated compounds (PFASs)";1003;"nl";"Per-/poly-fluorinated compounds (PFASs)";"Per-/poly-fluorinated compounds (PFASs)";"Exposure marker";"Per-/poly-fluorinated compounds (PFASs)";
"Per-/poly-fluorinated compounds (PFASs)";1003;"en";"Per-/poly-fluorinated compounds (PFASs)";"Per-/poly-fluorinated compounds (PFASs)";"Exposure marker";"Per-/poly-fluorinated compounds (PFASs)";
"Perception on exposure due to climate and changing climate";299;"en";"Perception on exposure due to climate and changing climate";"This category contains questions related to climate and changing climate";"Perception on exposure";"Perception on exposure due to climate and changing climate";
"Perception on exposure due to climate and changing climate";299;"nl";"Perception on exposure due to climate and changing climate";"This category contains questions related to climate and changing climate";"Perception on exposure";"Perception on exposure due to climate and changing climate";
"Perception on exposure due to food";300;"en";"Perception on exposure due to food";"This category contains questions on perception, concerns and opinions on food. Also questions on the importance of food, eating together, reasons for a specific diet, reasons for buying bio food, etc.";"Perception on exposure";"Perception on food";
"Perception on exposure due to food";300;"nl";"Perception on exposure due to food";"This category contains questions on perception, concerns and opinions on food. Also questions on the importance of food, eating together, reasons for a specific diet, reasons for buying bio food, etc.";"Perception on exposure";"Perception on food";
"Perception on exposure due to indoor environment";301;"en";"Perception on exposure due to indoor environment";"This category contains questions perception, concerns and opinions about indoor environment. Do you think ventilation is important? Or not smoking in the house?";"Perception on exposure";"Perception on indoor environment";
"Perception on exposure due to indoor environment";301;"nl";"Perception on exposure due to indoor environment";"This category contains questions perception, concerns and opinions about indoor environment. Do you think ventilation is important? Or not smoking in the house?";"Perception on exposure";"Perception on indoor environment";
"Perception on exposure exposure due to agriculture";303;"nl";"Perception on exposure exposure due to agriculture";"This category is about your perception, concerns and opinions about exposure due to agriculture in general";"Perception on exposure";"Agriculture";
"Perception on exposure exposure due to agriculture";303;"en";"Perception on exposure exposure due to agriculture";"This category is about your perception, concerns and opinions about exposure due to agriculture in general";"Perception on exposure";"Agriculture";
"Perception on exposure exposure due to air pollution, noise pollution, odor nuisance";306;"nl";"Perception on exposure exposure due to air pollution, noise pollution, odor nuisance";"This category is about your perception, concerns and opinions about exposure to air pollution, noise and odor nuisance";"Perception on exposure";"Air pollution, noise pollution, odor nuisance ook licht pollutie?";
"Perception on exposure exposure due to air pollution, noise pollution, odor nuisance";306;"en";"Perception on exposure exposure due to air pollution, noise pollution, odor nuisance";"This category is about your perception, concerns and opinions about exposure to air pollution, noise and odor nuisance";"Perception on exposure";"Air pollution, noise pollution, odor nuisance ook licht pollutie?";
"Perception on exposure exposure due to build environment";305;"en";"Perception on exposure exposure due to build environment";"This category is about your perception, concerns and opinions about spatial (land us) planning  ????";"Perception on exposure";"Build environment";
"Perception on exposure exposure due to build environment";305;"nl";"Perception on exposure exposure due to build environment";"This category is about your perception, concerns and opinions about spatial (land us) planning  ????";"Perception on exposure";"Build environment";
"Perception on exposure exposure due to green area";307;"nl";"Perception on exposure exposure due to green area";"This category is about questions on your perception of how important green is for you for sporting, walking,etc. It answers questions that start with \"how important  isetc.\", or \"do you think...\".  Note that there is a separate category for measurements on green area (for example the distance from your house to a parc or wood).";"Perception on exposure";"Green area";
"Perception on exposure exposure due to green area";307;"en";"Perception on exposure exposure due to green area";"This category is about questions on your perception of how important green is for you for sporting, walking,etc. It answers questions that start with \"how important  isetc.\", or \"do you think...\".  Note that there is a separate category for measurements on green area (for example the distance from your house to a parc or wood).";"Perception on exposure";"Green area";
"Perception on exposure exposure due to industry";304;"en";"Perception on exposure exposure due to industry";"This category is about your perception, concerns and opinions about exposure due to industry. For example, air pollution due to industry, do you think it is bad for your health. And who do you trust for information?";"Perception on exposure";"Industry";
"Perception on exposure exposure due to industry";304;"nl";"Perception on exposure exposure due to industry";"This category is about your perception, concerns and opinions about exposure due to industry. For example, air pollution due to industry, do you think it is bad for your health. And who do you trust for information?";"Perception on exposure";"Industry";
"Perception on exposure exposure due to traffic and combustion";302;"nl";"Perception on exposure exposure due to traffic and combustion";"This category is about your perception, concerns and opinions about traffic and combustion,";"Perception on exposure";"Traffic and combustion";
"Perception on exposure exposure due to traffic and combustion";302;"en";"Perception on exposure exposure due to traffic and combustion";"This category is about your perception, concerns and opinions about traffic and combustion,";"Perception on exposure";"Traffic and combustion";
"Persistent Organic Pollutants (POPs)";1014;"en";"Persistent Organic Pollutants (POPs)";"Persistent Organic Pollutants (POPs)";"Exposure marker";"Persistent Organic Pollutants (POPs)";
"Persistent Organic Pollutants (POPs)";1014;"nl";"Persistent Organic Pollutants (POPs)";"Persistent Organic Pollutants (POPs)";"Exposure marker";"Persistent Organic Pollutants (POPs)";
"Personal exposure to products";63;"en";"Personal exposure to products";"This category is specific for products specific for the person (also professional is asked together with personal or hobby) that are used indoor or outdoors and that are not for personal care and hygiene or for cleaning.  Note that the difference between this category and the indoor environment is not so easy. For now we say here products that are not related to the house. We have to see that and clear out this explanation!!!";"Personal exposure";"Personal exposure to products";
"Personal exposure to products";63;"nl";"Personal exposure to products";"This category is specific for products specific for the person (also professional is asked together with personal or hobby) that are used indoor or outdoors and that are not for personal care and hygiene or for cleaning.  Note that the difference between this category and the indoor environment is not so easy. For now we say here products that are not related to the house. We have to see that and clear out this explanation!!!";"Personal exposure";"Personal exposure to products";
"Personal parameters";2;"en";"Personal parameters";"This category contains all kinds of personal info that can be relevant for health: birth date, sex, age , no of child from biological mother. Note that we add handedness to that (just to give it a place). Due to GDPR reasons for some variables only the questions will be available in the database";"Personal information";"Personal parameters";
"Personal parameters";2;"nl";"Personal parameters";"This category contains all kinds of personal info that can be relevant for health: birth date, sex, age , no of child from biological mother. Note that we add handedness to that (just to give it a place). Due to GDPR reasons for some variables only the questions will be available in the database";"Personal information";"Personal parameters";
"Pesticides";1008;"en";"Pesticides";"Pesticides";"Exposure marker";"Pesticides";
"Pesticides";1008;"nl";"Pesticides";"Pesticides";"Exposure marker";"Pesticides";
"Pesticides (carbamate)";1009.5;"nl";"Pesticides (carbamate)";"Pesticides (carbamate)";"Exposure marker";"Pesticides (carbamate)";
"Pesticides (carbamate)";1009.5;"en";"Pesticides (carbamate)";"Pesticides (carbamate)";"Exposure marker";"Pesticides (carbamate)";
"Pesticides (pyrethroids)";1009;"en";"Pesticides and pyrethroids";"Pesticides and pyrethroids";"Exposure marker";"Pesticides (pyrethroids)";
"Pesticides (pyrethroids)";1009;"nl";"Pesticides and pyrethroids";"Pesticides and pyrethroids";"Exposure marker";"Pesticides (pyrethroids)";
"Phthalates";1001;"en";"Phthalates";"Phthalates  This category contains measurements of phtalates in different human and non-human matrices.";"Exposure marker";"Phthalates";
"Phthalates";1001;"nl";"Phthalates";"Phthalates  This category contains measurements of phtalates in different human and non-human matrices.";"Exposure marker";"Phthalates";
"Physical health during birth";473;"nl";"Physical health during birth";"This category contains special questions on health that are only posed to women relevant to giving birth";"Health data";"Physical health";"During birth"
"Physical health during birth";473;"en";"Physical health during birth";"This category contains special questions on health that are only posed to women relevant to giving birth";"Health data";"Physical health";"During birth"
"Physical health during breast feeding";474;"en";"Physical health during breast feeding";"This category contains special questions on health related to health that are only posed to women that are breast feeding";"Health data";"Physical health";"During breast feeding"
"Physical health during breast feeding";474;"nl";"Physical health during breast feeding";"This category contains special questions on health related to health that are only posed to women that are breast feeding";"Health data";"Physical health";"During breast feeding"
"Physical health during pregnancy";470;"en";"Physical health during pregnancy";"This category contains special questions on health that are only posed to pregnant women";"Health data";"Physical health";"During pregnancy"
"Physical health during pregnancy";470;"nl";"Physical health during pregnancy";"This category contains special questions on health that are only posed to pregnant women";"Health data";"Physical health";"During pregnancy"
"Polycyclic Aromatic Hydrocarbons (PAHs)";1006;"nl";"Polycyclic Aromatic Hydrocarbons (PAHs)";"Polycyclic Aromatic Hydrocarbons (PAHs)";"Exposure marker";"Polycyclic Aromatic Hydrocarbons (PAHs)";
"Polycyclic Aromatic Hydrocarbons (PAHs)";1006;"en";"Polycyclic Aromatic Hydrocarbons (PAHs)";"Polycyclic Aromatic Hydrocarbons (PAHs)";"Exposure marker";"Polycyclic Aromatic Hydrocarbons (PAHs)";
"Pregnancy";503;"en";"Pregnancy";"This category contains all general questions on pregnancy, not related to exposure for a specific child that is also part of the study";"Health data";"Reproductive health";"Pregnancy"
"Pregnancy";503;"nl";"Pregnancy";"This category contains all general questions on pregnancy, not related to exposure for a specific child that is also part of the study";"Health data";"Reproductive health";"Pregnancy"
"Products on skin";54;"nl";"Products on skin";"This category contains all questions related to care products, make-up, perfume, whether you use fabric softener when you wash your clothes. It also contains questions on pearcing and earrings";"Personal exposure";"Personal care and hygiene";"Products on skin"
"Products on skin";54;"en";"Products on skin";"This category contains all questions related to care products, make-up, perfume, whether you use fabric softener when you wash your clothes. It also contains questions on pearcing and earrings";"Personal exposure";"Personal care and hygiene";"Products on skin"
"Property of blood";4001;"en";"Property of blood";"Property of blood";"General property";"Property of blood";
"Property of blood";4001;"nl";"Property of blood";"Property of blood";"General property";"Property of blood";
"Property of soil";4000;"en";"Property of soil";"Property of soil";"General property";"Property of soil";
"Property of soil";4000;"nl";"Property of soil";"Property of soil";"General property";"Property of soil";
"Property of urine";4002;"nl";"Property of urine";"Property of urine";"General property";"Property of urine";
"Property of urine";4002;"en";"Property of urine";"Property of urine";"General property";"Property of urine";
"Questionnaire information";800;"nl";"Questionnaire information";"This category contains variables like the date of questionnaire sending, date of filling in questionnaire, who filled in the questionnaire, if questionnaire is filled in on paper or electronically, remarks on questionnaire";"Questionnaire and sample information";"Questionnaire information";
"Questionnaire information";800;"en";"Questionnaire information";"This category contains variables like the date of questionnaire sending, date of filling in questionnaire, who filled in the questionnaire, if questionnaire is filled in on paper or electronically, remarks on questionnaire";"Questionnaire and sample information";"Questionnaire information";
"Recent illness or medication information";401;"en";"Recent illness or medication information";"This category contains recent illness or medication information relevant for recent illnesses and not for general health";"Recent personal exposure";"Recent illness or medication information";
"Recent illness or medication information";401;"nl";"Recent illness or medication information";"This category contains recent illness or medication information relevant for recent illnesses and not for general health";"Recent personal exposure";"Recent illness or medication information";
"Recent nutricion information";402;"nl";"Recent nutricion information";"This category contains recent nutrition information relevant for recent nutricion and not for food categories";"Recent personal exposure";"Recent nutrition information";
"Recent nutricion information";402;"en";"Recent nutricion information";"This category contains recent nutrition information relevant for recent nutricion and not for food categories";"Recent personal exposure";"Recent nutrition information";
"Recent personal exposure";400;"en";"Recent personal exposure";"This category contains recent exposure information relevant for recent exposure and not for general exposure";"Recent personal exposure";"Recent exposure information";
"Recent personal exposure";400;"nl";"Recent personal exposure";"This category contains recent exposure information relevant for recent exposure and not for general exposure";"Recent personal exposure";"Recent exposure information";
"Regional characteristics";20;"nl";"Regional characteristics";"This category contains questions including current and historical adress, hotspot zone, whether it is a deprived neighborhood, etc. The questions can be asked in the questionnaire to the participant, but it can also be environmental information that is available on geo coordinates or community level";"Residence";"Regional characteristics";
"Regional characteristics";20;"en";"Regional characteristics";"This category contains questions including current and historical adress, hotspot zone, whether it is a deprived neighborhood, etc. The questions can be asked in the questionnaire to the participant, but it can also be environmental information that is available on geo coordinates or community level";"Residence";"Regional characteristics";
"Reproductive and metabolic health outcomes";2020;"nl";"Reproductive and metabolic health outcomes";"This category contains all measurements related to reproductive and metabolic health outcomes";"Effect marker";"Reproductive and metabolic health outcomes";
"Reproductive and metabolic health outcomes";2020;"en";"Reproductive and metabolic health outcomes";"This category contains all measurements related to reproductive and metabolic health outcomes";"Effect marker";"Reproductive and metabolic health outcomes";
"Reproductive breast feeding";504;"en";"Reproductive breast feeding";"This category contains all general questions on breast feeding not related to a specific child that is also part of the study";"Health data";"Reproductive health";"Breast feeding"
"Reproductive breast feeding";504;"nl";"Reproductive breast feeding";"This category contains all general questions on breast feeding not related to a specific child that is also part of the study";"Health data";"Reproductive health";"Breast feeding"
"Sample information on blood sampling";802;"en";"Sample information on blood sampling";"This category contains all data relevant to the blood sampling collection, like if a person was sober, sampling time, if a sample is available";"Questionnaire and sample information";"Sample information";"Blood sampling"
"Sample information on blood sampling";802;"nl";"Sample information on blood sampling";"This category contains all data relevant to the blood sampling collection, like if a person was sober, sampling time, if a sample is available";"Questionnaire and sample information";"Sample information";"Blood sampling"
"Sample information on cordblood collection";803;"nl";"Sample information on cordblood collection";"This category contains all data relevant to the cordblood  collection, like collection time, if a sample is available, volume";"Questionnaire and sample information";"Sample information";"Cordblood collection"
"Sample information on cordblood collection";803;"en";"Sample information on cordblood collection";"This category contains all data relevant to the cordblood  collection, like collection time, if a sample is available, volume";"Questionnaire and sample information";"Sample information";"Cordblood collection"
"Sample information on hair collection";805;"en";"Sample information on hair collection";"This category contains all sampling information relevant to the quality of the hair sample (eg. Hair is too short)";"Questionnaire and sample information";"Sample information";"Hair collection"
"Sample information on hair collection";805;"nl";"Sample information on hair collection";"This category contains all sampling information relevant to the quality of the hair sample (eg. Hair is too short)";"Questionnaire and sample information";"Sample information";"Hair collection"
"Sample information on mother milk collection";804;"nl";"Sample information on mother milk collection";"This category contains all sampling information on mother milk collection";"Questionnaire and sample information";"Sample information";"Mother milk collection"
"Sample information on mother milk collection";804;"en";"Sample information on mother milk collection";"This category contains all sampling information on mother milk collection";"Questionnaire and sample information";"Sample information";"Mother milk collection"
"Sample information on urine collection";806;"en";"Sample information on urine collection";"This category contains all sampling information related to the urine collection. For example if a person forgot the morning collection and thus delivers an on-spot collection";"Questionnaire and sample information";"Sample information";"Urine collection"
"Sample information on urine collection";806;"nl";"Sample information on urine collection";"This category contains all sampling information related to the urine collection. For example if a person forgot the morning collection and thus delivers an on-spot collection";"Questionnaire and sample information";"Sample information";"Urine collection"
"Sedentary behaviour";52;"en";"Sedentary behaviour";"Sedentary behaviour";"Personal behavior";"General physical activity";"Sedentary behaviour"
"Sedentary behaviour";52;"nl";"Sedentary behaviour";"Sedentary behaviour";"Personal behavior";"General physical activity";"Sedentary behaviour"
"Sleeping habits and problems";483;"nl";"Sleeping habits and problems";"This category contains questions on sleeping habits and problems";"Health data";"Mental health";"Sleeping habits and problems"
"Sleeping habits and problems";483;"en";"Sleeping habits and problems";"This category contains questions on sleeping habits and problems";"Health data";"Mental health";"Sleeping habits and problems"
"Smoking";53;"en";"Smoking";"This category contains all questions related to active smoking now and in the past";"Personal behavior";"Smoking";
"Smoking";53;"nl";"Smoking";"This category contains all questions related to active smoking now and in the past";"Personal behavior";"Smoking";
"Steroid/Sex hormones";2009;"en";"Steroid/Sex hormones";"This category contains all measurements of steroids/sex hormones in human biological material.";"Effect marker";"Steroid/Sex hormones";
"Steroid/Sex hormones";2009;"nl";"Steroid/Sex hormones";"This category contains all measurements of steroids/sex hormones in human biological material.";"Effect marker";"Steroid/Sex hormones";
"Stress hormones";2012;"en";"Stress hormones";"This category contains all measurements of stress hormones in human biological material. Eg cortisol in hair";"Effect marker";"Stress hormones";
"Stress hormones";2012;"nl";"Stress hormones";"This category contains all measurements of stress hormones in human biological material. Eg cortisol in hair";"Effect marker";"Stress hormones";
"Stress perception";481;"en";"Stress perception";"This category contains questions on stress";"Health data";"Mental health";"Stress perception"
"Stress perception";481;"nl";"Stress perception";"This category contains questions on stress";"Health data";"Mental health";"Stress perception"
"Stress perception during pregnancy";482;"en";"Stress perception during pregnancy";"This category contains questions on stress during pregnancy";"Health data";"Mental health";"Stress perception during pregnancy"
"Stress perception during pregnancy";482;"nl";"Stress perception during pregnancy";"This category contains questions on stress during pregnancy";"Health data";"Mental health";"Stress perception during pregnancy"
"Study agreement";1;"en";"Study agreement";"This category contains info on study agreement";"Study information";"Study agreement";
"Study agreement";1;"nl";"Study agreement";"This category contains info on study agreement";"Study information";"Study agreement";
"Study design";0;"en";"Study design";"This category contains info on study design (case-control, other parameters that were designed by the study)";"Study design";"Study design";
"Study design";0;"nl";"Study design";"This category contains info on study design (case-control, other parameters that were designed by the study)";"Study design";"Study design";
"Thyroid hormones";2010;"nl";"Thyroid hormones";"This category contains all measurements of thyroid hormones in human biological material.";"Effect marker";"Thyroid hormones";
"Thyroid hormones";2010;"en";"Thyroid hormones";"This category contains all measurements of thyroid hormones in human biological material.";"Effect marker";"Thyroid hormones";
"Tooth care";56;"en";"Tooth care";"This category contains all questions related to tooth care, dental fillings";"Personal exposure";"Personal care and hygiene";"Tooth care"
"Tooth care";56;"nl";"Tooth care";"This category contains all questions related to tooth care, dental fillings";"Personal exposure";"Personal care and hygiene";"Tooth care"
"Triclosan";1019;"nl";"Triclosan";"Triclosan";"Exposure marker";"Triclosan";
"Triclosan";1019;"en";"Triclosan";"Triclosan";"Exposure marker";"Triclosan";
"Urinary dilution";2004;"en";"Urinary dilution";"This category contains all measurements of urinary dilution eg creatinine, sg.";"Effect marker";"Urinary dilution";
"Urinary dilution";2004;"nl";"Urinary dilution";"This category contains all measurements of urinary dilution eg creatinine, sg.";"Effect marker";"Urinary dilution";
"UV-filters (benzophenones)";1012;"en";"UV-filters (benzophenones)";"UV-filters (benzophenones)";"Exposure marker";"UV-filters (benzophenones)";
"UV-filters (benzophenones)";1012;"nl";"UV-filters (benzophenones)";"UV-filters (benzophenones)";"Exposure marker";"UV-filters (benzophenones)";
"UV-screens";1021;"en";"UV-screens";"UV-screens";"Exposure marker";"UV-screens";
"UV-screens";1021;"nl";"UV-screens";"UV-screens";"Exposure marker";"UV-screens";
"Ventilation systems";22;"en";"Ventilation systems";"This category contains all questions related to ventilation systems in the house";"Residence";"Housing";"Ventilation systems"
"Ventilation systems";22;"nl";"Ventilation systems";"This category contains all questions related to ventilation systems in the house";"Residence";"Housing";"Ventilation systems"
"Vitamins";2001;"nl";"Vitamins";"This category contains all measurements of vitamins in human biological material.";"Effect marker";"Vitamins";
"Vitamins";2001;"en";"Vitamins";"This category contains all measurements of vitamins in human biological material.";"Effect marker";"Vitamins";
"Volatile anaesthetics";1023;"en";"Volatile anaesthetics";"Volatile anaesthetics";"Exposure marker";"Volatile anaesthetics";
"Volatile anaesthetics";1023;"nl";"Volatile anaesthetics";"Volatile anaesthetics";"Exposure marker";"Volatile anaesthetics";
"Volatile Organic Compounds (VOCs)";1015;"nl";"Volatile Organic Compounds (VOCs)";"Volatile Organic Compounds (VOCs)";"Exposure marker";"Volatile Organic Compounds (VOCs)";
"Volatile Organic Compounds (VOCs)";1015;"en";"Volatile Organic Compounds (VOCs)";"Volatile Organic Compounds (VOCs)";"Exposure marker";"Volatile Organic Compounds (VOCs)";
